DBN,year_start,school_year,scenario,model,Forecast,Actual,Error,Abs_Error,Pct_Error
02M001,2022,2022-23,Pessimistic,Piecewise Linear,172.99999999999997,159.0,13.999999999999972,13.999999999999972,0.0880503144654086
02M001,2023,2023-24,Pessimistic,Piecewise Linear,153.99999999999994,168.0,-14.000000000000057,14.000000000000057,-0.0833333333333336
02M001,2024,2024-25,Pessimistic,Piecewise Linear,134.9999999999999,160.0,-25.000000000000117,25.000000000000117,-0.1562500000000007
02M001,2022,2022-23,Base,Piecewise Linear,192.0,159.0,33.0,33.0,0.2075471698113207
02M001,2023,2023-24,Base,Piecewise Linear,192.0,168.0,24.0,24.0,0.1428571428571428
02M001,2024,2024-25,Base,Piecewise Linear,192.0,160.0,32.0,32.0,0.2
02M001,2022,2022-23,Optimistic,Piecewise Linear,239.14285714285717,159.0,80.14285714285714,80.14285714285714,0.5040431266846361
02M001,2023,2023-24,Optimistic,Piecewise Linear,286.2857142857143,168.0,118.28571428571428,118.28571428571428,0.7040816326530612
02M001,2024,2024-25,Optimistic,Piecewise Linear,333.42857142857144,160.0,173.42857142857144,173.42857142857144,1.0839285714285716
02M001,2022,2022-23,Base,Prophet,180.7272929736243,159.0,21.727292973624287,21.727292973624287,0.1366496413435489
02M001,2023,2023-24,Base,Prophet,171.2750515041171,168.0,3.2750515041171013,3.2750515041171013,0.0194943541911732
02M001,2024,2024-25,Base,Prophet,161.79691348263864,160.0,1.7969134826386437,1.7969134826386437,0.0112307092664915
02M002,2022,2022-23,Pessimistic,Piecewise Linear,289.0,319.0,-30.0,30.0,-0.0940438871473354
02M002,2023,2023-24,Pessimistic,Piecewise Linear,235.0,255.0,-20.00000000000003,20.00000000000003,-0.0784313725490197
02M002,2024,2024-25,Pessimistic,Piecewise Linear,180.99999999999997,317.0,-136.00000000000006,136.00000000000006,-0.4290220820189276
02M002,2022,2022-23,Base,Piecewise Linear,343.0,319.0,24.0,24.0,0.0752351097178683
02M002,2023,2023-24,Base,Piecewise Linear,343.0,255.0,88.0,88.0,0.3450980392156862
02M002,2024,2024-25,Base,Piecewise Linear,343.0,317.0,26.0,26.0,0.0820189274447949
02M002,2022,2022-23,Optimistic,Piecewise Linear,426.0952380952381,319.0,107.09523809523812,107.09523809523812,0.335721749514853
02M002,2023,2023-24,Optimistic,Piecewise Linear,509.19047619047626,255.0,254.19047619047623,254.19047619047623,0.9968253968253972
02M002,2024,2024-25,Optimistic,Piecewise Linear,592.2857142857143,317.0,275.28571428571433,275.28571428571433,0.8684091933303292
02M002,2022,2022-23,Base,Prophet,304.4885869929603,319.0,-14.51141300703972,14.51141300703972,-0.0454903229060806
02M002,2023,2023-24,Base,Prophet,272.4655018329329,255.0,17.465501832932887,17.465501832932887,0.0684921640507172
02M002,2024,2024-25,Base,Prophet,240.35468219301504,317.0,-76.64531780698496,76.64531780698496,-0.2417833369305519
02M003,2022,2022-23,Pessimistic,Piecewise Linear,480.0,480.0,-5.684341886080803e-14,5.684341886080803e-14,-1.1842378929335003e-16
02M003,2023,2023-24,Pessimistic,Piecewise Linear,443.9999999999999,482.0,-38.000000000000114,38.000000000000114,-0.0788381742738591
02M003,2024,2024-25,Pessimistic,Piecewise Linear,407.9999999999999,483.0,-75.00000000000011,75.00000000000011,-0.1552795031055903
02M003,2022,2022-23,Base,Piecewise Linear,516.0,480.0,36.0,36.0,0.075
02M003,2023,2023-24,Base,Piecewise Linear,516.0,482.0,34.0,34.0,0.0705394190871369
02M003,2024,2024-25,Base,Piecewise Linear,516.0,483.0,33.0,33.0,0.0683229813664596
02M003,2022,2022-23,Optimistic,Piecewise Linear,582.3333333333334,480.0,102.33333333333336,102.33333333333336,0.2131944444444445
02M003,2023,2023-24,Optimistic,Piecewise Linear,648.6666666666666,482.0,166.66666666666663,166.66666666666663,0.3457814661134162
02M003,2024,2024-25,Optimistic,Piecewise Linear,715.0,483.0,232.0,232.0,0.4803312629399586
02M003,2022,2022-23,Base,Prophet,459.1052133163586,480.0,-20.894786683641428,20.894786683641428,-0.0435308055909196
02M003,2023,2023-24,Base,Prophet,390.4760973101983,482.0,-91.52390268980167,91.52390268980167,-0.1898836155390076
02M003,2024,2024-25,Base,Prophet,321.65895632867887,483.0,-161.34104367132113,161.34104367132113,-0.334039427890934
02M006,2022,2022-23,Pessimistic,Piecewise Linear,456.0,487.0,-31.000000000000057,31.000000000000057,-0.0636550308008214
02M006,2023,2023-24,Pessimistic,Piecewise Linear,420.9999999999999,500.0,-79.00000000000011,79.00000000000011,-0.1580000000000002
02M006,2024,2024-25,Pessimistic,Piecewise Linear,385.99999999999983,539.0,-153.00000000000017,153.00000000000017,-0.2838589981447127
02M006,2022,2022-23,Base,Piecewise Linear,491.0,487.0,4.0,4.0,0.0082135523613963
02M006,2023,2023-24,Base,Piecewise Linear,491.0,500.0,-9.0,9.0,-0.018
02M006,2024,2024-25,Base,Piecewise Linear,491.0,539.0,-48.0,48.0,-0.0890538033395176
02M006,2022,2022-23,Optimistic,Piecewise Linear,546.4761904761905,487.0,59.47619047619048,59.47619047619048,0.1221277011831426
02M006,2023,2023-24,Optimistic,Piecewise Linear,601.952380952381,500.0,101.95238095238096,101.95238095238096,0.2039047619047619
02M006,2024,2024-25,Optimistic,Piecewise Linear,657.4285714285714,539.0,118.42857142857144,118.42857142857144,0.2197190564537503
02M006,2022,2022-23,Base,Prophet,457.0625743423752,487.0,-29.93742565762483,29.93742565762483,-0.0614731533010776
02M006,2023,2023-24,Base,Prophet,421.3456546701112,500.0,-78.65434532988877,78.65434532988877,-0.1573086906597775
02M006,2024,2024-25,Base,Prophet,385.5308804234028,539.0,-153.46911957659722,153.46911957659722,-0.2847293498638167
02M011,2022,2022-23,Pessimistic,Piecewise Linear,638.0,668.0,-30.0,30.0,-0.0449101796407185
02M011,2023,2023-24,Pessimistic,Piecewise Linear,563.0,719.0,-156.0,156.0,-0.2169680111265646
02M011,2024,2024-25,Pessimistic,Piecewise Linear,487.9999999999999,643.0,-155.0000000000001,155.0000000000001,-0.2410575427682739
02M011,2022,2022-23,Base,Piecewise Linear,713.0,668.0,45.0,45.0,0.0673652694610778
02M011,2023,2023-24,Base,Piecewise Linear,713.0,719.0,-6.0,6.0,-0.0083449235048678
02M011,2024,2024-25,Base,Piecewise Linear,713.0,643.0,70.0,70.0,0.1088646967340591
02M011,2022,2022-23,Optimistic,Piecewise Linear,767.1904761904761,668.0,99.19047619047616,99.19047619047616,0.14848873681209
02M011,2023,2023-24,Optimistic,Piecewise Linear,821.3809523809524,719.0,102.3809523809524,102.3809523809524,0.1423935359957613
02M011,2024,2024-25,Optimistic,Piecewise Linear,875.5714285714286,643.0,232.57142857142856,232.57142857142856,0.3616974005776494
02M011,2022,2022-23,Base,Prophet,649.3605603794673,668.0,-18.6394396205327,18.6394396205327,-0.0279033527253483
02M011,2023,2023-24,Base,Prophet,551.6095596708036,719.0,-167.3904403291964,167.3904403291964,-0.2328100699988823
02M011,2024,2024-25,Base,Prophet,453.5907480012944,643.0,-189.40925199870568,189.40925199870568,-0.2945711539637724
02M033,2022,2022-23,Pessimistic,Piecewise Linear,436.0,515.0,-79.00000000000006,79.00000000000006,-0.1533980582524273
02M033,2023,2023-24,Pessimistic,Piecewise Linear,391.9999999999999,587.0,-195.0000000000001,195.0000000000001,-0.3321976149914823
02M033,2024,2024-25,Pessimistic,Piecewise Linear,347.99999999999983,576.0,-228.00000000000017,228.00000000000017,-0.3958333333333336
02M033,2022,2022-23,Base,Piecewise Linear,480.0,515.0,-35.0,35.0,-0.0679611650485436
02M033,2023,2023-24,Base,Piecewise Linear,480.0,587.0,-107.0,107.0,-0.1822827938671209
02M033,2024,2024-25,Base,Piecewise Linear,480.0,576.0,-96.0,96.0,-0.1666666666666666
02M033,2022,2022-23,Optimistic,Piecewise Linear,516.5238095238095,515.0,1.5238095238095184,1.5238095238095184,0.0029588534442903
02M033,2023,2023-24,Optimistic,Piecewise Linear,553.047619047619,587.0,-33.95238095238096,33.95238095238096,-0.0578405126957086
02M033,2024,2024-25,Optimistic,Piecewise Linear,589.5714285714286,576.0,13.571428571428555,13.571428571428555,0.0235615079365079
02M033,2022,2022-23,Base,Prophet,445.8706399163053,515.0,-69.12936008369468,69.12936008369468,-0.1342317671528052
02M033,2023,2023-24,Base,Prophet,388.3598122756413,587.0,-198.64018772435867,198.64018772435867,-0.3383989569409858
02M033,2024,2024-25,Base,Prophet,330.6914207236331,576.0,-245.3085792763669,245.3085792763669,-0.4258829501325814
02M040,2022,2022-23,Pessimistic,Piecewise Linear,540.0,559.0,-19.0,19.0,-0.033989266547406
02M040,2023,2023-24,Pessimistic,Piecewise Linear,501.9999999999999,519.0,-17.000000000000114,17.000000000000114,-0.0327552986512526
02M040,2024,2024-25,Pessimistic,Piecewise Linear,463.9999999999999,521.0,-57.000000000000114,57.000000000000114,-0.1094049904030712
02M040,2022,2022-23,Base,Piecewise Linear,578.0,559.0,19.0,19.0,0.033989266547406
02M040,2023,2023-24,Base,Piecewise Linear,578.0,519.0,59.0,59.0,0.1136801541425818
02M040,2024,2024-25,Base,Piecewise Linear,578.0,521.0,57.0,57.0,0.109404990403071
02M040,2022,2022-23,Optimistic,Piecewise Linear,594.952380952381,559.0,35.95238095238096,35.95238095238096,0.0643155294318085
02M040,2023,2023-24,Optimistic,Piecewise Linear,611.9047619047619,519.0,92.90476190476193,92.90476190476193,0.1790072483714102
02M040,2024,2024-25,Optimistic,Piecewise Linear,628.8571428571429,521.0,107.85714285714288,107.85714285714288,0.2070194680559364
02M040,2022,2022-23,Base,Prophet,525.6593333740437,559.0,-33.34066662595626,33.34066662595626,-0.0596434107798859
02M040,2023,2023-24,Base,Prophet,461.3868745146392,519.0,-57.61312548536085,57.61312548536085,-0.1110079489120633
02M040,2024,2024-25,Base,Prophet,396.9383267268527,521.0,-124.06167327314728,124.06167327314728,-0.2381222135760984
02M041,2022,2022-23,Pessimistic,Piecewise Linear,369.0,416.0,-47.00000000000006,47.00000000000006,-0.1129807692307693
02M041,2023,2023-24,Pessimistic,Piecewise Linear,310.9999999999999,407.0,-96.00000000000011,96.00000000000011,-0.2358722358722361
02M041,2024,2024-25,Pessimistic,Piecewise Linear,252.99999999999983,409.0,-156.00000000000017,156.00000000000017,-0.3814180929095359
02M041,2022,2022-23,Base,Piecewise Linear,427.0,416.0,11.0,11.0,0.0264423076923076
02M041,2023,2023-24,Base,Piecewise Linear,427.0,407.0,20.0,20.0,0.0491400491400491
02M041,2024,2024-25,Base,Piecewise Linear,427.0,409.0,18.0,18.0,0.0440097799511002
02M041,2022,2022-23,Optimistic,Piecewise Linear,510.6190476190477,416.0,94.61904761904763,94.61904761904763,0.2274496336996337
02M041,2023,2023-24,Optimistic,Piecewise Linear,594.2380952380953,407.0,187.2380952380953,187.2380952380953,0.4600444600444602
02M041,2024,2024-25,Optimistic,Piecewise Linear,677.8571428571429,409.0,268.8571428571429,268.8571428571429,0.6573524275235767
02M041,2022,2022-23,Base,Prophet,352.6305300103219,416.0,-63.36946998967812,63.36946998967812,-0.152330456705957
02M041,2023,2023-24,Base,Prophet,260.717879526766,407.0,-146.28212047323404,146.28212047323404,-0.3594155294182655
02M041,2024,2024-25,Base,Prophet,168.5534135624332,409.0,-240.4465864375668,240.4465864375668,-0.5878889643950288
02M042,2022,2022-23,Pessimistic,Piecewise Linear,452.0,436.0,15.999999999999943,15.999999999999943,0.0366972477064218
02M042,2023,2023-24,Pessimistic,Piecewise Linear,428.9999999999999,416.0,12.999999999999886,12.999999999999886,0.0312499999999997
02M042,2024,2024-25,Pessimistic,Piecewise Linear,405.99999999999983,424.0,-18.00000000000017,18.00000000000017,-0.0424528301886796
02M042,2022,2022-23,Base,Piecewise Linear,475.0,436.0,39.0,39.0,0.0894495412844036
02M042,2023,2023-24,Base,Piecewise Linear,475.0,416.0,59.0,59.0,0.141826923076923
02M042,2024,2024-25,Base,Piecewise Linear,475.0,424.0,51.0,51.0,0.1202830188679245
02M042,2022,2022-23,Optimistic,Piecewise Linear,529.4285714285714,436.0,93.42857142857144,93.42857142857144,0.2142857142857143
02M042,2023,2023-24,Optimistic,Piecewise Linear,583.8571428571429,416.0,167.8571428571429,167.8571428571429,0.4035027472527473
02M042,2024,2024-25,Optimistic,Piecewise Linear,638.2857142857143,424.0,214.28571428571436,214.28571428571436,0.5053908355795149
02M042,2022,2022-23,Base,Prophet,458.8290627774949,436.0,22.82906277749493,22.82906277749493,0.0523602357281993
02M042,2023,2023-24,Base,Prophet,447.4063234415607,416.0,31.406323441560687,31.406323441560687,0.0754959698114439
02M042,2024,2024-25,Base,Prophet,435.9522889293635,424.0,11.952288929363476,11.952288929363476,0.028189360682461
02M051,2022,2022-23,Pessimistic,Piecewise Linear,341.0,351.0,-10.0,10.0,-0.0284900284900284
02M051,2023,2023-24,Pessimistic,Piecewise Linear,308.0,400.0,-92.0,92.0,-0.23
02M051,2024,2024-25,Pessimistic,Piecewise Linear,274.99999999999994,393.0,-118.00000000000006,118.00000000000006,-0.3002544529262088
02M051,2022,2022-23,Base,Piecewise Linear,374.0,351.0,23.0,23.0,0.0655270655270655
02M051,2023,2023-24,Base,Piecewise Linear,374.0,400.0,-26.0,26.0,-0.065
02M051,2024,2024-25,Base,Piecewise Linear,374.0,393.0,-19.0,19.0,-0.0483460559796437
02M051,2022,2022-23,Optimistic,Piecewise Linear,367.0952380952381,351.0,16.095238095238074,16.095238095238074,0.0458553791887124
02M051,2023,2023-24,Optimistic,Piecewise Linear,360.1904761904762,400.0,-39.8095238095238,39.8095238095238,-0.0995238095238094
02M051,2024,2024-25,Optimistic,Piecewise Linear,353.2857142857143,393.0,-39.71428571428572,39.71428571428572,-0.1010541621228644
02M051,2022,2022-23,Base,Prophet,334.0377284631349,351.0,-16.962271536865103,16.962271536865103,-0.0483255599340886
02M051,2023,2023-24,Base,Prophet,287.8887098999589,400.0,-112.11129010004112,112.11129010004112,-0.2802782252501028
02M051,2024,2024-25,Base,Prophet,241.6132556694866,393.0,-151.3867443305134,151.3867443305134,-0.385208000841001
02M059,2022,2022-23,Pessimistic,Piecewise Linear,479.0,504.0,-25.000000000000057,25.000000000000057,-0.0496031746031747
02M059,2023,2023-24,Pessimistic,Piecewise Linear,433.9999999999999,497.0,-63.000000000000114,63.000000000000114,-0.1267605633802819
02M059,2024,2024-25,Pessimistic,Piecewise Linear,388.9999999999999,499.0,-110.00000000000011,110.00000000000011,-0.2204408817635272
02M059,2022,2022-23,Base,Piecewise Linear,524.0,504.0,20.0,20.0,0.0396825396825396
02M059,2023,2023-24,Base,Piecewise Linear,524.0,497.0,27.0,27.0,0.0543259557344064
02M059,2024,2024-25,Base,Piecewise Linear,524.0,499.0,25.0,25.0,0.0501002004008016
02M059,2022,2022-23,Optimistic,Piecewise Linear,546.1904761904761,504.0,42.19047619047615,42.19047619047615,0.0837112622826907
02M059,2023,2023-24,Optimistic,Piecewise Linear,568.3809523809524,497.0,71.38095238095241,71.38095238095241,0.1436236466417553
02M059,2024,2024-25,Optimistic,Piecewise Linear,590.5714285714286,499.0,91.57142857142856,91.57142857142856,0.1835098768966504
02M059,2022,2022-23,Base,Prophet,476.98021190560536,504.0,-27.01978809439464,27.01978809439464,-0.0536106906634814
02M059,2023,2023-24,Base,Prophet,424.13588296483016,497.0,-72.86411703516984,72.86411703516984,-0.1466078813584906
02M059,2024,2024-25,Base,Prophet,371.1467750406556,499.0,-127.8532249593444,127.8532249593444,-0.2562188876940769
02M077,2022,2022-23,Pessimistic,Piecewise Linear,341.0,373.0,-32.0,32.0,-0.0857908847184986
02M077,2023,2023-24,Pessimistic,Piecewise Linear,335.99999999999994,368.0,-32.00000000000006,32.00000000000006,-0.0869565217391305
02M077,2024,2024-25,Pessimistic,Piecewise Linear,330.99999999999994,363.0,-32.00000000000006,32.00000000000006,-0.0881542699724519
02M077,2022,2022-23,Base,Piecewise Linear,346.0,373.0,-27.0,27.0,-0.0723860589812332
02M077,2023,2023-24,Base,Piecewise Linear,346.0,368.0,-22.0,22.0,-0.0597826086956521
02M077,2024,2024-25,Base,Piecewise Linear,346.0,363.0,-17.0,17.0,-0.046831955922865
02M077,2022,2022-23,Optimistic,Piecewise Linear,348.85714285714283,373.0,-24.142857142857167,24.142857142857167,-0.0647261585599387
02M077,2023,2023-24,Optimistic,Piecewise Linear,351.7142857142857,368.0,-16.285714285714278,16.285714285714278,-0.0442546583850931
02M077,2024,2024-25,Optimistic,Piecewise Linear,354.57142857142856,363.0,-8.428571428571445,8.428571428571445,-0.0232192050373869
02M077,2022,2022-23,Base,Prophet,335.0141833824203,373.0,-37.9858166175797,37.9858166175797,-0.1018386504492753
02M077,2023,2023-24,Base,Prophet,323.088731809436,368.0,-44.91126819056405,44.91126819056405,-0.1220414896482718
02M077,2024,2024-25,Base,Prophet,311.1306077663888,363.0,-51.86939223361122,51.86939223361122,-0.1428908876958987
02M089,2022,2022-23,Pessimistic,Piecewise Linear,311.0,304.0,7.0,7.0,0.0230263157894736
02M089,2023,2023-24,Pessimistic,Piecewise Linear,309.99999999999994,300.0,9.999999999999943,9.999999999999943,0.0333333333333331
02M089,2024,2024-25,Pessimistic,Piecewise Linear,308.99999999999994,306.0,2.999999999999943,2.999999999999943,0.0098039215686272
02M089,2022,2022-23,Base,Piecewise Linear,312.0,304.0,8.0,8.0,0.0263157894736842
02M089,2023,2023-24,Base,Piecewise Linear,312.0,300.0,12.0,12.0,0.04
02M089,2024,2024-25,Base,Piecewise Linear,312.0,306.0,6.0,6.0,0.0196078431372549
02M089,2022,2022-23,Optimistic,Piecewise Linear,343.3809523809524,304.0,39.38095238095241,39.38095238095241,0.1295426065162908
02M089,2023,2023-24,Optimistic,Piecewise Linear,374.7619047619048,300.0,74.76190476190476,74.76190476190476,0.2492063492063492
02M089,2024,2024-25,Optimistic,Piecewise Linear,406.1428571428572,306.0,100.14285714285715,100.14285714285715,0.3272642390289449
02M089,2022,2022-23,Base,Prophet,329.3616050784628,304.0,25.361605078462787,25.361605078462787,0.0834263324949433
02M089,2023,2023-24,Base,Prophet,318.1759754626498,300.0,18.17597546264977,18.17597546264977,0.0605865848754992
02M089,2024,2024-25,Base,Prophet,306.9597002862454,306.0,0.9597002862453792,0.9597002862453792,0.0031362754452463
02M111,2022,2022-23,Pessimistic,Piecewise Linear,225.0,347.0,-122.0,122.0,-0.3515850144092219
02M111,2023,2023-24,Pessimistic,Piecewise Linear,153.99999999999997,343.0,-189.00000000000003,189.00000000000003,-0.5510204081632654
02M111,2024,2024-25,Pessimistic,Piecewise Linear,82.99999999999994,350.0,-267.00000000000006,267.00000000000006,-0.762857142857143
02M111,2022,2022-23,Base,Piecewise Linear,296.0,347.0,-51.0,51.0,-0.1469740634005763
02M111,2023,2023-24,Base,Piecewise Linear,296.0,343.0,-47.0,47.0,-0.1370262390670553
02M111,2024,2024-25,Base,Piecewise Linear,296.0,350.0,-54.0,54.0,-0.1542857142857142
02M111,2022,2022-23,Optimistic,Piecewise Linear,307.04761904761904,347.0,-39.95238095238096,39.95238095238096,-0.1151365445313572
02M111,2023,2023-24,Optimistic,Piecewise Linear,318.09523809523813,343.0,-24.90476190476187,24.90476190476187,-0.0726086352908509
02M111,2024,2024-25,Optimistic,Piecewise Linear,329.1428571428572,350.0,-20.857142857142836,20.857142857142836,-0.0595918367346938
02M111,2022,2022-23,Base,Prophet,244.18139315863112,347.0,-102.81860684136888,102.81860684136888,-0.2963072243267114
02M111,2023,2023-24,Base,Prophet,179.52172099531822,343.0,-163.47827900468178,163.47827900468178,-0.4766130583226874
02M111,2024,2024-25,Base,Prophet,114.6848990452566,350.0,-235.3151009547434,235.3151009547434,-0.6723288598706955
02M116,2022,2022-23,Pessimistic,Piecewise Linear,299.0,306.0,-7.0,7.0,-0.022875816993464
02M116,2023,2023-24,Pessimistic,Piecewise Linear,265.0,318.0,-53.0,53.0,-0.1666666666666666
02M116,2024,2024-25,Pessimistic,Piecewise Linear,230.99999999999997,351.0,-120.00000000000006,120.00000000000006,-0.341880341880342
02M116,2022,2022-23,Base,Piecewise Linear,333.0,306.0,27.0,27.0,0.088235294117647
02M116,2023,2023-24,Base,Piecewise Linear,333.0,318.0,15.0,15.0,0.0471698113207547
02M116,2024,2024-25,Base,Piecewise Linear,333.0,351.0,-18.0,18.0,-0.0512820512820512
02M116,2022,2022-23,Optimistic,Piecewise Linear,406.95238095238096,306.0,100.95238095238096,100.95238095238096,0.3299097416744476
02M116,2023,2023-24,Optimistic,Piecewise Linear,480.9047619047619,318.0,162.90476190476193,162.90476190476193,0.5122791254866728
02M116,2024,2024-25,Optimistic,Piecewise Linear,554.8571428571429,351.0,203.8571428571429,203.8571428571429,0.5807895807895809
02M116,2022,2022-23,Base,Prophet,282.7654661130595,306.0,-23.234533886940483,23.234533886940483,-0.075929849303727
02M116,2023,2023-24,Base,Prophet,239.1060791362696,318.0,-78.89392086373044,78.89392086373044,-0.2480940907664479
02M116,2024,2024-25,Base,Prophet,195.3270774006392,351.0,-155.67292259936082,155.67292259936082,-0.443512599998179
02M124,2022,2022-23,Pessimistic,Piecewise Linear,475.0,480.0,-5.000000000000057,5.000000000000057,-0.0104166666666667
02M124,2023,2023-24,Pessimistic,Piecewise Linear,417.9999999999999,463.0,-45.000000000000114,45.000000000000114,-0.0971922246220304
02M124,2024,2024-25,Pessimistic,Piecewise Linear,360.9999999999999,429.0,-68.00000000000011,68.00000000000011,-0.1585081585081587
02M124,2022,2022-23,Base,Piecewise Linear,532.0,480.0,52.0,52.0,0.1083333333333333
02M124,2023,2023-24,Base,Piecewise Linear,532.0,463.0,69.0,69.0,0.1490280777537797
02M124,2024,2024-25,Base,Piecewise Linear,532.0,429.0,103.0,103.0,0.2400932400932401
02M124,2022,2022-23,Optimistic,Piecewise Linear,591.3333333333334,480.0,111.33333333333336,111.33333333333336,0.2319444444444445
02M124,2023,2023-24,Optimistic,Piecewise Linear,650.6666666666666,463.0,187.66666666666663,187.66666666666663,0.4053275737940964
02M124,2024,2024-25,Optimistic,Piecewise Linear,710.0,429.0,281.0,281.0,0.655011655011655
02M124,2022,2022-23,Base,Prophet,497.21280557991184,480.0,17.212805579911844,17.212805579911844,0.0358600116248163
02M124,2023,2023-24,Base,Prophet,461.3227439933961,463.0,-1.6772560066038975,1.6772560066038975,-0.003622583167611
02M124,2024,2024-25,Base,Prophet,425.3343534710269,429.0,-3.6656465289731273,3.6656465289731273,-0.0085446306036669
02M130,2022,2022-23,Pessimistic,Piecewise Linear,518.0,575.0,-57.0,57.0,-0.0991304347826086
02M130,2023,2023-24,Pessimistic,Piecewise Linear,420.0,561.0,-141.00000000000006,141.00000000000006,-0.251336898395722
02M130,2024,2024-25,Pessimistic,Piecewise Linear,321.9999999999999,512.0,-190.0000000000001,190.0000000000001,-0.3710937500000002
02M130,2022,2022-23,Base,Piecewise Linear,616.0,575.0,41.0,41.0,0.0713043478260869
02M130,2023,2023-24,Base,Piecewise Linear,616.0,561.0,55.0,55.0,0.0980392156862745
02M130,2024,2024-25,Base,Piecewise Linear,616.0,512.0,104.0,104.0,0.203125
02M130,2022,2022-23,Optimistic,Piecewise Linear,710.1428571428571,575.0,135.1428571428571,135.1428571428571,0.235031055900621
02M130,2023,2023-24,Optimistic,Piecewise Linear,804.2857142857143,561.0,243.28571428571436,243.28571428571436,0.4336643748408455
02M130,2024,2024-25,Optimistic,Piecewise Linear,898.4285714285714,512.0,386.4285714285714,386.4285714285714,0.7547433035714286
02M130,2022,2022-23,Base,Prophet,516.5242953793738,575.0,-58.475704620626175,58.475704620626175,-0.101696877601089
02M130,2023,2023-24,Base,Prophet,408.6505748543224,561.0,-152.34942514567757,152.34942514567757,-0.2715676027552184
02M130,2024,2024-25,Base,Prophet,300.48130988947645,512.0,-211.51869011052355,211.51869011052355,-0.4131224416221163
02M150,2022,2022-23,Pessimistic,Piecewise Linear,113.0,162.0,-49.000000000000014,49.000000000000014,-0.3024691358024692
02M150,2023,2023-24,Pessimistic,Piecewise Linear,87.99999999999997,209.0,-121.00000000000004,121.00000000000004,-0.5789473684210528
02M150,2024,2024-25,Pessimistic,Piecewise Linear,62.99999999999997,255.0,-192.00000000000003,192.00000000000003,-0.7529411764705883
02M150,2022,2022-23,Base,Piecewise Linear,138.0,162.0,-24.0,24.0,-0.1481481481481481
02M150,2023,2023-24,Base,Piecewise Linear,138.0,209.0,-71.0,71.0,-0.3397129186602871
02M150,2024,2024-25,Base,Piecewise Linear,138.0,255.0,-117.0,117.0,-0.4588235294117647
02M150,2022,2022-23,Optimistic,Piecewise Linear,148.0952380952381,162.0,-13.904761904761898,13.904761904761898,-0.0858318636096413
02M150,2023,2023-24,Optimistic,Piecewise Linear,158.19047619047618,209.0,-50.809523809523824,50.809523809523824,-0.2431077694235589
02M150,2024,2024-25,Optimistic,Piecewise Linear,168.28571428571428,255.0,-86.71428571428572,86.71428571428572,-0.3400560224089636
02M150,2022,2022-23,Base,Prophet,108.85209817751948,162.0,-53.14790182248052,53.14790182248052,-0.3280734680400032
02M150,2023,2023-24,Base,Prophet,79.0967819081286,209.0,-129.9032180918714,129.9032180918714,-0.6215464980472315
02M150,2024,2024-25,Base,Prophet,49.25994422430109,255.0,-205.7400557756989,205.7400557756989,-0.8068237481399958
02M151,2022,2022-23,Pessimistic,Piecewise Linear,275.0,296.0,-21.0,21.0,-0.0709459459459459
02M151,2023,2023-24,Pessimistic,Piecewise Linear,221.0,294.0,-73.00000000000003,73.00000000000003,-0.2482993197278912
02M151,2024,2024-25,Pessimistic,Piecewise Linear,166.99999999999994,277.0,-110.00000000000006,110.00000000000006,-0.3971119133574009
02M151,2022,2022-23,Base,Piecewise Linear,329.0,296.0,33.0,33.0,0.1114864864864864
02M151,2023,2023-24,Base,Piecewise Linear,329.0,294.0,35.0,35.0,0.119047619047619
02M151,2024,2024-25,Base,Piecewise Linear,329.0,277.0,52.0,52.0,0.187725631768953
02M151,2022,2022-23,Optimistic,Piecewise Linear,383.22222222222223,296.0,87.22222222222223,87.22222222222223,0.2946696696696697
02M151,2023,2023-24,Optimistic,Piecewise Linear,437.44444444444446,294.0,143.44444444444446,143.44444444444446,0.4879062736205594
02M151,2024,2024-25,Optimistic,Piecewise Linear,491.6666666666667,277.0,214.66666666666669,214.66666666666669,0.7749699157641396
02M151,2022,2022-23,Base,Prophet,285.1151660102933,296.0,-10.884833989706692,10.884833989706692,-0.0367730878030631
02M151,2023,2023-24,Base,Prophet,240.0416428287525,294.0,-53.95835717124754,53.95835717124754,-0.1835318271130868
02M151,2024,2024-25,Base,Prophet,194.8446305426046,277.0,-82.15536945739541,82.15536945739541,-0.2965897814346405
02M158,2022,2022-23,Pessimistic,Piecewise Linear,564.0,580.0,-16.0,16.0,-0.0275862068965517
02M158,2023,2023-24,Pessimistic,Piecewise Linear,542.9999999999999,563.0,-20.000000000000117,20.000000000000117,-0.0355239786856129
02M158,2024,2024-25,Pessimistic,Piecewise Linear,521.9999999999999,557.0,-35.000000000000114,35.000000000000114,-0.0628366247755836
02M158,2022,2022-23,Base,Piecewise Linear,585.0,580.0,5.0,5.0,0.0086206896551724
02M158,2023,2023-24,Base,Piecewise Linear,585.0,563.0,22.0,22.0,0.039076376554174
02M158,2024,2024-25,Base,Piecewise Linear,585.0,557.0,28.0,28.0,0.0502692998204667
02M158,2022,2022-23,Optimistic,Piecewise Linear,627.1904761904761,580.0,47.19047619047615,47.19047619047615,0.0813628899835795
02M158,2023,2023-24,Optimistic,Piecewise Linear,669.3809523809524,563.0,106.3809523809524,106.3809523809524,0.1889537342468071
02M158,2024,2024-25,Optimistic,Piecewise Linear,711.5714285714286,557.0,154.57142857142856,154.57142857142856,0.277507053090536
02M158,2022,2022-23,Base,Prophet,559.8332413587989,580.0,-20.166758641201117,20.166758641201117,-0.0347702735193122
02M158,2023,2023-24,Base,Prophet,505.96640400037984,563.0,-57.03359599962016,57.03359599962016,-0.1013030124327178
02M158,2024,2024-25,Base,Prophet,451.9519862656365,557.0,-105.04801373436352,105.04801373436352,-0.188596074927044
02M183,2022,2022-23,Pessimistic,Piecewise Linear,450.0,462.0,-12.000000000000057,12.000000000000057,-0.025974025974026
02M183,2023,2023-24,Pessimistic,Piecewise Linear,421.9999999999999,498.0,-76.00000000000011,76.00000000000011,-0.1526104417670685
02M183,2024,2024-25,Pessimistic,Piecewise Linear,393.99999999999983,504.0,-110.00000000000016,110.00000000000016,-0.2182539682539686
02M183,2022,2022-23,Base,Piecewise Linear,478.0,462.0,16.0,16.0,0.0346320346320346
02M183,2023,2023-24,Base,Piecewise Linear,478.0,498.0,-20.0,20.0,-0.0401606425702811
02M183,2024,2024-25,Base,Piecewise Linear,478.0,504.0,-26.0,26.0,-0.0515873015873015
02M183,2022,2022-23,Optimistic,Piecewise Linear,505.7142857142857,462.0,43.71428571428572,43.71428571428572,0.0946196660482374
02M183,2023,2023-24,Optimistic,Piecewise Linear,533.4285714285714,498.0,35.428571428571445,35.428571428571445,0.0711417096959265
02M183,2024,2024-25,Optimistic,Piecewise Linear,561.1428571428571,504.0,57.14285714285711,57.14285714285711,0.1133786848072561
02M183,2022,2022-23,Base,Prophet,463.97694642375774,462.0,1.976946423757738,1.976946423757738,0.0042791048133284
02M183,2023,2023-24,Base,Prophet,441.333215161232,498.0,-56.66678483876797,56.66678483876797,-0.1137887245758392
02M183,2024,2024-25,Base,Prophet,418.627446278809,504.0,-85.37255372119097,85.37255372119097,-0.1693899875420455
02M198,2022,2022-23,Pessimistic,Piecewise Linear,319.0,411.0,-92.0,92.0,-0.2238442822384428
02M198,2023,2023-24,Pessimistic,Piecewise Linear,269.0,459.0,-190.0,190.0,-0.4139433551198257
02M198,2024,2024-25,Pessimistic,Piecewise Linear,219.0,474.0,-255.00000000000003,255.00000000000003,-0.5379746835443039
02M198,2022,2022-23,Base,Piecewise Linear,369.0,411.0,-42.0,42.0,-0.1021897810218978
02M198,2023,2023-24,Base,Piecewise Linear,369.0,459.0,-90.0,90.0,-0.196078431372549
02M198,2024,2024-25,Base,Piecewise Linear,369.0,474.0,-105.0,105.0,-0.2215189873417721
02M198,2022,2022-23,Optimistic,Piecewise Linear,391.04761904761904,411.0,-19.952380952380963,19.952380952380963,-0.0485459390568879
02M198,2023,2023-24,Optimistic,Piecewise Linear,413.0952380952381,459.0,-45.90476190476187,45.90476190476187,-0.1000103745201783
02M198,2024,2024-25,Optimistic,Piecewise Linear,435.1428571428572,474.0,-38.85714285714283,38.85714285714283,-0.0819770946353224
02M198,2022,2022-23,Base,Prophet,338.1654822965767,411.0,-72.83451770342327,72.83451770342327,-0.1772129384511515
02M198,2023,2023-24,Base,Prophet,300.2324238548296,459.0,-158.76757614517044,158.76757614517044,-0.345898858704075
02M198,2024,2024-25,Base,Prophet,262.19543922557085,474.0,-211.80456077442915,211.80456077442915,-0.446845064924956
02M212,2022,2022-23,Pessimistic,Piecewise Linear,221.0,239.0,-18.00000000000003,18.00000000000003,-0.0753138075313808
02M212,2023,2023-24,Pessimistic,Piecewise Linear,184.99999999999997,274.0,-89.00000000000006,89.00000000000006,-0.3248175182481754
02M212,2024,2024-25,Pessimistic,Piecewise Linear,148.99999999999994,275.0,-126.00000000000006,126.00000000000006,-0.4581818181818184
02M212,2022,2022-23,Base,Piecewise Linear,257.0,239.0,18.0,18.0,0.0753138075313807
02M212,2023,2023-24,Base,Piecewise Linear,257.0,274.0,-17.0,17.0,-0.0620437956204379
02M212,2024,2024-25,Base,Piecewise Linear,257.0,275.0,-18.0,18.0,-0.0654545454545454
02M212,2022,2022-23,Optimistic,Piecewise Linear,283.6190476190476,239.0,44.61904761904759,44.61904761904759,0.1866905758119146
02M212,2023,2023-24,Optimistic,Piecewise Linear,310.23809523809524,274.0,36.23809523809524,36.23809523809524,0.1322558220368439
02M212,2024,2024-25,Optimistic,Piecewise Linear,336.85714285714283,275.0,61.85714285714283,61.85714285714283,0.2249350649350648
02M212,2022,2022-23,Base,Prophet,211.27617403966124,239.0,-27.72382596033876,27.72382596033876,-0.1159992718005805
02M212,2023,2023-24,Base,Prophet,161.5771991171937,274.0,-112.42280088280631,112.42280088280631,-0.4103021930029427
02M212,2024,2024-25,Base,Prophet,111.7420626195962,275.0,-163.2579373804038,163.2579373804038,-0.593665226837832
02M217,2022,2022-23,Pessimistic,Piecewise Linear,586.0,573.0,13.0,13.0,0.0226876090750436
02M217,2023,2023-24,Pessimistic,Piecewise Linear,628.9999999999999,534.0,94.99999999999989,94.99999999999989,0.1779026217228462
02M217,2024,2024-25,Pessimistic,Piecewise Linear,671.9999999999998,542.0,129.99999999999977,129.99999999999977,0.2398523985239848
02M217,2022,2022-23,Base,Piecewise Linear,543.0,573.0,-30.0,30.0,-0.0523560209424083
02M217,2023,2023-24,Base,Piecewise Linear,543.0,534.0,9.0,9.0,0.0168539325842696
02M217,2024,2024-25,Base,Piecewise Linear,543.0,542.0,1.0,1.0,0.0018450184501845
02M217,2022,2022-23,Optimistic,Piecewise Linear,522.0952380952381,573.0,-50.904761904761926,50.904761904761926,-0.0888390260118009
02M217,2023,2023-24,Optimistic,Piecewise Linear,501.1904761904762,534.0,-32.8095238095238,32.8095238095238,-0.0614410558230782
02M217,2024,2024-25,Optimistic,Piecewise Linear,480.2857142857143,542.0,-61.71428571428572,61.71428571428572,-0.1138639957828149
02M217,2022,2022-23,Base,Prophet,553.774177190186,573.0,-19.225822809813963,19.225822809813963,-0.033552919388855
02M217,2023,2023-24,Base,Prophet,566.6328006247659,534.0,32.63280062476588,32.63280062476588,0.0611101135295241
02M217,2024,2024-25,Base,Prophet,579.5266531646458,542.0,37.52665316464584,37.52665316464584,0.0692373674624461
02M234,2022,2022-23,Pessimistic,Piecewise Linear,442.0,474.0,-32.00000000000006,32.00000000000006,-0.0675105485232068
02M234,2023,2023-24,Pessimistic,Piecewise Linear,429.9999999999999,489.0,-59.000000000000114,59.000000000000114,-0.1206543967280165
02M234,2024,2024-25,Pessimistic,Piecewise Linear,417.99999999999983,462.0,-44.00000000000017,44.00000000000017,-0.0952380952380956
02M234,2022,2022-23,Base,Piecewise Linear,454.0,474.0,-20.0,20.0,-0.0421940928270042
02M234,2023,2023-24,Base,Piecewise Linear,454.0,489.0,-35.0,35.0,-0.0715746421267893
02M234,2024,2024-25,Base,Piecewise Linear,454.0,462.0,-8.0,8.0,-0.0173160173160173
02M234,2022,2022-23,Optimistic,Piecewise Linear,532.1428571428571,474.0,58.14285714285711,58.14285714285711,0.1226642555756479
02M234,2023,2023-24,Optimistic,Piecewise Linear,610.2857142857143,489.0,121.28571428571432,121.28571428571432,0.2480280455740579
02M234,2024,2024-25,Optimistic,Piecewise Linear,688.4285714285714,462.0,226.42857142857144,226.42857142857144,0.4901051329622758
02M234,2022,2022-23,Base,Prophet,436.95980979014377,474.0,-37.04019020985624,37.04019020985624,-0.0781438612022283
02M234,2023,2023-24,Base,Prophet,392.8755091572296,489.0,-96.1244908427704,96.1244908427704,-0.1965736009054609
02M234,2024,2024-25,Base,Prophet,348.67042961847187,462.0,-113.32957038152811,113.32957038152811,-0.245302100392918
02M267,2022,2022-23,Pessimistic,Piecewise Linear,377.0,362.0,14.999999999999943,14.999999999999943,0.0414364640883976
02M267,2023,2023-24,Pessimistic,Piecewise Linear,366.9999999999999,362.0,4.999999999999886,4.999999999999886,0.0138121546961322
02M267,2024,2024-25,Pessimistic,Piecewise Linear,356.9999999999998,353.0,3.9999999999997726,3.9999999999997726,0.0113314447592061
02M267,2022,2022-23,Base,Piecewise Linear,387.0,362.0,25.0,25.0,0.0690607734806629
02M267,2023,2023-24,Base,Piecewise Linear,387.0,362.0,25.0,25.0,0.0690607734806629
02M267,2024,2024-25,Base,Piecewise Linear,387.0,353.0,34.0,34.0,0.0963172804532577
02M267,2022,2022-23,Optimistic,Piecewise Linear,389.8666666666667,362.0,27.866666666666674,27.866666666666674,0.0769797421731123
02M267,2023,2023-24,Optimistic,Piecewise Linear,392.73333333333335,362.0,30.73333333333335,30.73333333333335,0.0848987108655617
02M267,2024,2024-25,Optimistic,Piecewise Linear,395.6,353.0,42.60000000000002,42.60000000000002,0.1206798866855524
02M267,2022,2022-23,Base,Prophet,369.06569090493616,362.0,7.065690904936162,7.065690904936162,0.019518483162807
02M267,2023,2023-24,Base,Prophet,342.8371678140603,362.0,-19.16283218593969,19.16283218593969,-0.0529360005136455
02M267,2024,2024-25,Base,Prophet,316.53678575581205,353.0,-36.46321424418795,36.46321424418795,-0.1032952244877845
02M290,2022,2022-23,Pessimistic,Piecewise Linear,297.0,369.0,-72.0,72.0,-0.1951219512195122
02M290,2023,2023-24,Pessimistic,Piecewise Linear,241.0,353.0,-112.00000000000004,112.00000000000004,-0.3172804532577905
02M290,2024,2024-25,Pessimistic,Piecewise Linear,184.99999999999997,354.0,-169.00000000000006,169.00000000000006,-0.477401129943503
02M290,2022,2022-23,Base,Piecewise Linear,353.0,369.0,-16.0,16.0,-0.043360433604336
02M290,2023,2023-24,Base,Piecewise Linear,353.0,353.0,0.0,0.0,0.0
02M290,2024,2024-25,Base,Piecewise Linear,353.0,354.0,-1.0,1.0,-0.0028248587570621
02M290,2022,2022-23,Optimistic,Piecewise Linear,435.7142857142857,369.0,66.71428571428572,66.71428571428572,0.1807975222609369
02M290,2023,2023-24,Optimistic,Piecewise Linear,518.4285714285714,353.0,165.42857142857144,165.42857142857144,0.4686361796843383
02M290,2024,2024-25,Optimistic,Piecewise Linear,601.1428571428571,354.0,247.1428571428571,247.1428571428571,0.6981436642453591
02M290,2022,2022-23,Base,Prophet,281.6875998665299,369.0,-87.31240013347008,87.31240013347008,-0.2366189705514094
02M290,2023,2023-24,Base,Prophet,194.34134784779263,353.0,-158.65865215220734,158.65865215220734,-0.4494579381082361
02M290,2024,2024-25,Base,Prophet,106.7557910290042,354.0,-247.24420897099583,247.24420897099583,-0.6984299688446209
02M343,2022,2022-23,Pessimistic,Piecewise Linear,289.0,297.0,-8.0,8.0,-0.0269360269360269
02M343,2023,2023-24,Pessimistic,Piecewise Linear,249.0,322.0,-73.00000000000003,73.00000000000003,-0.2267080745341615
02M343,2024,2024-25,Pessimistic,Piecewise Linear,208.99999999999997,266.0,-57.00000000000006,57.00000000000006,-0.2142857142857145
02M343,2022,2022-23,Base,Piecewise Linear,329.0,297.0,32.0,32.0,0.1077441077441077
02M343,2023,2023-24,Base,Piecewise Linear,329.0,322.0,7.0,7.0,0.0217391304347826
02M343,2024,2024-25,Base,Piecewise Linear,329.0,266.0,63.0,63.0,0.2368421052631578
02M343,2022,2022-23,Optimistic,Piecewise Linear,359.44444444444446,297.0,62.44444444444446,62.44444444444446,0.2102506546950991
02M343,2023,2023-24,Optimistic,Piecewise Linear,389.88888888888886,322.0,67.88888888888886,67.88888888888886,0.2108350586611455
02M343,2024,2024-25,Optimistic,Piecewise Linear,420.3333333333333,266.0,154.33333333333331,154.33333333333331,0.5802005012531327
02M343,2022,2022-23,Base,Prophet,287.42457405141687,297.0,-9.575425948583131,9.575425948583131,-0.0322404914093708
02M343,2023,2023-24,Base,Prophet,239.54686168509247,322.0,-82.45313831490753,82.45313831490753,-0.2560656469407066
02M343,2024,2024-25,Base,Prophet,191.5379775040657,266.0,-74.46202249593426,74.46202249593426,-0.2799324153982491
02M527,2022,2022-23,Pessimistic,Piecewise Linear,414.0,407.0,6.999999999999943,6.999999999999943,0.017199017199017
02M527,2023,2023-24,Pessimistic,Piecewise Linear,391.9999999999999,387.0,4.999999999999886,4.999999999999886,0.0129198966408265
02M527,2024,2024-25,Pessimistic,Piecewise Linear,369.9999999999998,379.0,-9.000000000000227,9.000000000000227,-0.0237467018469662
02M527,2022,2022-23,Base,Piecewise Linear,436.0,407.0,29.0,29.0,0.0712530712530712
02M527,2023,2023-24,Base,Piecewise Linear,436.0,387.0,49.0,49.0,0.1266149870801033
02M527,2024,2024-25,Base,Piecewise Linear,436.0,379.0,57.0,57.0,0.1503957783641161
02M527,2022,2022-23,Optimistic,Piecewise Linear,434.8888888888889,407.0,27.888888888888918,27.888888888888918,0.0685230685230685
02M527,2023,2023-24,Optimistic,Piecewise Linear,433.77777777777777,387.0,46.77777777777777,46.77777777777777,0.1208728107952914
02M527,2024,2024-25,Optimistic,Piecewise Linear,432.6666666666667,379.0,53.666666666666686,53.666666666666686,0.1416007036059807
02M527,2022,2022-23,Base,Prophet,408.0844199392197,407.0,1.0844199392197424,1.0844199392197424,0.0026644224550853
02M527,2023,2023-24,Base,Prophet,375.37346710143737,387.0,-11.62653289856263,11.62653289856263,-0.0300427206681204
02M527,2024,2024-25,Base,Prophet,342.5728952147844,379.0,-36.42710478521559,36.42710478521559,-0.0961137329425213
