DBN,School Name,year_start,scenario,yhat,yhat_lower,yhat_upper
02M001,P.S. 001 Alfred E. Smith,2013,prophet_train,437.70685437,426.74106649734534,448.031337897023
02M001,P.S. 001 Alfred E. Smith,2014,prophet_train,403.4513589497412,393.2522566228185,414.6356102659128
02M001,P.S. 001 Alfred E. Smith,2015,prophet_train,369.1958635294823,359.35730070557764,379.7585686471595
02M001,P.S. 001 Alfred E. Smith,2016,prophet_train,334.84651743683924,324.8001792165692,345.1437302600597
02M001,P.S. 001 Alfred E. Smith,2017,prophet_train,300.5910220165804,289.8372520231691,311.25999095303564
02M001,P.S. 001 Alfred E. Smith,2018,prophet_train,266.33552659632153,256.1964371162072,277.3703158240009
02M001,P.S. 001 Alfred E. Smith,2019,prophet_train,232.08003117606273,222.79643581910295,243.31350912776176
02M001,P.S. 001 Alfred E. Smith,2020,prophet_train,197.7306850834196,186.49050552559046,208.1032515918873
02M001,P.S. 001 Alfred E. Smith,2021,prophet_train,186.84655639087353,176.79699051225143,197.85744766502128
02M001,P.S. 001 Alfred E. Smith,2022,prophet_train,175.9624276983275,164.8813122130089,187.08911677033726
02M001,P.S. 001 Alfred E. Smith,2023,prophet_train,165.07829900578145,154.3986639525607,175.2891032906975
02M001,P.S. 001 Alfred E. Smith,2024,prophet_train,154.1643507825709,143.329077667972,163.69551919982624
02M001,P.S. 001 Alfred E. Smith,2025,prophet_forecast,143.28022209002486,132.53411279250795,154.64668698465118
02M001,P.S. 001 Alfred E. Smith,2026,prophet_forecast,132.3960933974788,120.29290373990358,146.39434260260367
02M001,P.S. 001 Alfred E. Smith,2027,prophet_forecast,121.51196470493277,106.63809399895143,136.06296279824429
02M002,P.S. 002 Meyer London,2013,prophet_train,770.4657832099999,740.5263778735565,799.2944898644454
02M002,P.S. 002 Meyer London,2014,prophet_train,712.331399418462,682.0668074776409,740.9592538250396
02M002,P.S. 002 Meyer London,2015,prophet_train,654.1970156269238,626.8460374774323,682.7409569793949
02M002,P.S. 002 Meyer London,2016,prophet_train,595.9033595510253,567.139812893211,624.8643048159646
02M002,P.S. 002 Meyer London,2017,prophet_train,537.7689757594874,507.37518133234306,567.750398754433
02M002,P.S. 002 Meyer London,2018,prophet_train,479.63459196794923,450.6908299256762,509.43615343751367
02M002,P.S. 002 Meyer London,2019,prophet_train,421.50020817641115,391.71140315606374,449.35068364400263
02M002,P.S. 002 Meyer London,2020,prophet_train,363.20655210051257,335.15633275627005,390.3772212089065
02M002,P.S. 002 Meyer London,2021,prophet_train,342.1267743075684,314.0610570935521,370.7184089832912
02M002,P.S. 002 Meyer London,2022,prophet_train,321.04699651462414,291.07245565188435,351.89916411795423
02M002,P.S. 002 Meyer London,2023,prophet_train,299.96721872167984,271.41380231534475,328.2404760485443
02M002,P.S. 002 Meyer London,2024,prophet_train,278.8296881128645,249.00564098640217,307.0521252128189
02M002,P.S. 002 Meyer London,2025,prophet_forecast,257.7499103199203,228.79177613420802,287.6117237797829
02M002,P.S. 002 Meyer London,2026,prophet_forecast,236.670132526976,201.98795798546712,269.9844325108818
02M002,P.S. 002 Meyer London,2027,prophet_forecast,215.5903547340317,177.55836065450507,255.2782194132257
02M003,P.S. 003 Charrette School,2013,prophet_train,796.7405279999999,758.7547886718867,831.8949066910201
02M003,P.S. 003 Charrette School,2014,prophet_train,765.8065176127426,730.068445452836,800.6861744578592
02M003,P.S. 003 Charrette School,2015,prophet_train,734.8725072254853,698.6583391929445,770.1546482317838
02M003,P.S. 003 Charrette School,2016,prophet_train,703.8537461248382,669.7923239511717,738.2625366958359
02M003,P.S. 003 Charrette School,2017,prophet_train,672.9197357375808,638.9386299019111,708.9123799961285
02M003,P.S. 003 Charrette School,2018,prophet_train,641.9857253503235,606.0308900104977,678.3423337378277
02M003,P.S. 003 Charrette School,2019,prophet_train,611.0517149630662,576.6627411961331,645.0748049781474
02M003,P.S. 003 Charrette School,2020,prophet_train,580.0329538624189,543.3080833084294,616.7970013973222
02M003,P.S. 003 Charrette School,2021,prophet_train,549.0989439437778,513.0166162729702,584.6985083173125
02M003,P.S. 003 Charrette School,2022,prophet_train,518.1649340251365,482.41139827423285,551.0473946652177
02M003,P.S. 003 Charrette School,2023,prophet_train,487.2309241064953,451.7731646866899,522.3896711458408
02M003,P.S. 003 Charrette School,2024,prophet_train,456.2121634757483,422.28143461922036,493.72669435847865
02M003,P.S. 003 Charrette School,2025,prophet_forecast,425.27815355710715,390.28166051268056,461.509658616414
02M003,P.S. 003 Charrette School,2026,prophet_forecast,394.3441436384659,357.7271397384946,429.79410232325876
02M003,P.S. 003 Charrette School,2027,prophet_forecast,363.4101337198247,325.24926232250766,396.0899033921547
02M006,P.S. 006 Lillie D. Blake,2013,prophet_train,757.1744967,735.8583937366992,777.0071457907659
02M006,P.S. 006 Lillie D. Blake,2014,prophet_train,722.8651956295794,701.9925397428301,744.1222037538525
02M006,P.S. 006 Lillie D. Blake,2015,prophet_train,688.5558945591588,668.3596811096486,712.6861769438784
02M006,P.S. 006 Lillie D. Blake,2016,prophet_train,654.1525954036138,634.2237033614224,675.1602131367035
02M006,P.S. 006 Lillie D. Blake,2017,prophet_train,619.8432943331932,597.3670967064971,639.7779210017035
02M006,P.S. 006 Lillie D. Blake,2018,prophet_train,585.5339932627725,563.9137455891116,606.2565863230587
02M006,P.S. 006 Lillie D. Blake,2019,prophet_train,551.2246921923519,530.4976474789106,573.6655967713947
02M006,P.S. 006 Lillie D. Blake,2020,prophet_train,516.8213930368069,496.0027056808354,539.0216879782434
02M006,P.S. 006 Lillie D. Blake,2021,prophet_train,514.9755211831233,492.8542219524004,538.6228216715436
02M006,P.S. 006 Lillie D. Blake,2022,prophet_train,513.1296493294399,490.5249640638658,535.3260630348321
02M006,P.S. 006 Lillie D. Blake,2023,prophet_train,511.2837774757565,488.2839458235149,532.5040844373756
02M006,P.S. 006 Lillie D. Blake,2024,prophet_train,509.4328484389123,487.006957227978,531.222659058069
02M006,P.S. 006 Lillie D. Blake,2025,prophet_forecast,507.5869765852289,484.9933927158633,529.9415938211234
02M006,P.S. 006 Lillie D. Blake,2026,prophet_forecast,505.7411047315454,478.5968853019477,529.1537136386614
02M006,P.S. 006 Lillie D. Blake,2027,prophet_forecast,503.89523287786204,473.43862088008314,531.6192550654199
02M011,P.S. 011 William T. Harris,2013,prophet_train,886.0044981699999,824.9921720060389,947.3959501496063
02M011,P.S. 011 William T. Harris,2014,prophet_train,876.909722098559,811.6143544886247,941.7385211453524
02M011,P.S. 011 William T. Harris,2015,prophet_train,867.8149460271179,802.9111610620878,934.6680322243454
02M011,P.S. 011 William T. Harris,2016,prophet_train,858.6952527609607,795.2223694673368,920.7891134259775
02M011,P.S. 011 William T. Harris,2017,prophet_train,849.6004766895196,792.2879423169611,909.6088175830881
02M011,P.S. 011 William T. Harris,2018,prophet_train,840.5057006180787,780.101246519452,904.0144318998881
02M011,P.S. 011 William T. Harris,2019,prophet_train,831.4109245466376,773.2044344432883,894.5750576117089
02M011,P.S. 011 William T. Harris,2020,prophet_train,822.2912312804804,759.3621790180636,883.6735806759667
02M011,P.S. 011 William T. Harris,2021,prophet_train,776.0542016269089,715.0022187479002,835.4925321762911
02M011,P.S. 011 William T. Harris,2022,prophet_train,729.8171719733375,664.2199902591656,788.0811940464267
02M011,P.S. 011 William T. Harris,2023,prophet_train,683.5801423197661,619.7000299980306,742.3567392211286
02M011,P.S. 011 William T. Harris,2024,prophet_train,637.2164358726233,568.3690996001764,699.8687776029965
02M011,P.S. 011 William T. Harris,2025,prophet_forecast,590.9794062190518,526.5003348067042,651.6687717858789
02M011,P.S. 011 William T. Harris,2026,prophet_forecast,544.7423765654803,484.56021814725244,616.2600394443426
02M011,P.S. 011 William T. Harris,2027,prophet_forecast,498.5053469119089,423.4777634350148,576.877042375814
02M033,P.S. 033 Chelsea Prep,2013,prophet_train,594.88704574,546.1440540998043,644.5027670350316
02M033,P.S. 033 Chelsea Prep,2014,prophet_train,589.1190701126231,544.5968173846711,638.7621406935799
02M033,P.S. 033 Chelsea Prep,2015,prophet_train,583.3510944852463,533.3090633346037,630.0146520240262
02M033,P.S. 033 Chelsea Prep,2016,prophet_train,577.5673161849179,526.4481514289147,624.0666613602136
02M033,P.S. 033 Chelsea Prep,2017,prophet_train,571.7993405575411,524.3429788202235,618.7520110142904
02M033,P.S. 033 Chelsea Prep,2018,prophet_train,566.0313649301643,520.0054929040678,613.4413183836314
02M033,P.S. 033 Chelsea Prep,2019,prophet_train,560.2633893027875,511.0377242530744,605.8976337781293
02M033,P.S. 033 Chelsea Prep,2020,prophet_train,554.4796110024589,507.73190904380584,599.7448468874833
02M033,P.S. 033 Chelsea Prep,2021,prophet_train,553.8293601322499,502.20587216076814,599.0611957385302
02M033,P.S. 033 Chelsea Prep,2022,prophet_train,553.1791092620408,506.244773620419,601.0943629862197
02M033,P.S. 033 Chelsea Prep,2023,prophet_train,552.5288583918318,507.64067408232665,599.2640539108063
02M033,P.S. 033 Chelsea Prep,2024,prophet_train,551.8768260123892,505.7642443183957,598.8786006096417
02M033,P.S. 033 Chelsea Prep,2025,prophet_forecast,551.2265751421802,503.9111535133073,599.5408260273102
02M033,P.S. 033 Chelsea Prep,2026,prophet_forecast,550.5763242719711,500.1529295903498,601.6278071801876
02M033,P.S. 033 Chelsea Prep,2027,prophet_forecast,549.9260734017621,500.46593247866645,596.8854440772919
02M040,P.S. 040 Augustus Saint-Gaudens,2013,prophet_train,602.01736562,572.0670679391511,632.8433584469143
02M040,P.S. 040 Augustus Saint-Gaudens,2014,prophet_train,607.9021675916924,578.1003367746283,638.3221715872893
02M040,P.S. 040 Augustus Saint-Gaudens,2015,prophet_train,613.7869695633848,583.7848073083735,643.3881871498218
02M040,P.S. 040 Augustus Saint-Gaudens,2016,prophet_train,619.687894280205,589.093073665284,649.2302258930674
02M040,P.S. 040 Augustus Saint-Gaudens,2017,prophet_train,625.5726962518975,595.7912803577728,655.8627359684731
02M040,P.S. 040 Augustus Saint-Gaudens,2018,prophet_train,631.4574982235898,601.9353077950958,660.8305384157114
02M040,P.S. 040 Augustus Saint-Gaudens,2019,prophet_train,637.3423001952822,606.236300422843,669.7367273358554
02M040,P.S. 040 Augustus Saint-Gaudens,2020,prophet_train,643.2432249121026,613.1509103948777,675.7993108533392
02M040,P.S. 040 Augustus Saint-Gaudens,2021,prophet_train,607.3520397981056,575.0384761553827,639.0692710041575
02M040,P.S. 040 Augustus Saint-Gaudens,2022,prophet_train,571.4608546841087,540.910970869154,602.4771281314712
02M040,P.S. 040 Augustus Saint-Gaudens,2023,prophet_train,535.5696695701115,504.06193080211034,565.4502231298866
02M040,P.S. 040 Augustus Saint-Gaudens,2024,prophet_train,499.5801524421036,468.3830673777258,531.6503079666417
02M040,P.S. 040 Augustus Saint-Gaudens,2025,prophet_forecast,463.6889673281066,435.64106107237933,496.5405211508818
02M040,P.S. 040 Augustus Saint-Gaudens,2026,prophet_forecast,427.79778221410953,397.3915343133533,462.78452143710047
02M040,P.S. 040 Augustus Saint-Gaudens,2027,prophet_forecast,391.90659710011255,356.44120970148833,433.7862815883851
02M041,P.S. 041 Greenwich Village,2013,prophet_train,772.3999322000001,726.5624271126816,814.4307033759615
02M041,P.S. 041 Greenwich Village,2014,prophet_train,736.3637712349429,690.5743649164152,781.4253660700376
02M041,P.S. 041 Greenwich Village,2015,prophet_train,700.3276102698856,657.1860382060247,743.3321968868984
02M041,P.S. 041 Greenwich Village,2016,prophet_train,664.1927200967049,618.5894562268468,709.8093302570777
02M041,P.S. 041 Greenwich Village,2017,prophet_train,628.1565591316477,584.7440413221334,672.7898803488478
02M041,P.S. 041 Greenwich Village,2018,prophet_train,592.1203981665903,547.2473954963178,634.6927243438846
02M041,P.S. 041 Greenwich Village,2019,prophet_train,556.0842372015331,512.4178112756044,595.2782860846592
02M041,P.S. 041 Greenwich Village,2020,prophet_train,519.9493470283525,473.80093572902774,561.4861530769645
02M041,P.S. 041 Greenwich Village,2021,prophet_train,483.9131866633709,438.80055282092115,526.1135903860007
02M041,P.S. 041 Greenwich Village,2022,prophet_train,447.87702629838924,401.9864084788555,492.0133287497074
02M041,P.S. 041 Greenwich Village,2023,prophet_train,411.84086593340766,367.29492772117624,452.2143749685626
02M041,P.S. 041 Greenwich Village,2024,prophet_train,375.70597636194674,333.32108769125495,421.6695717121177
02M041,P.S. 041 Greenwich Village,2025,prophet_forecast,339.6698159969652,297.70328233406366,382.6260889091403
02M041,P.S. 041 Greenwich Village,2026,prophet_forecast,303.6336556319835,262.3288960152228,345.90926004735513
02M041,P.S. 041 Greenwich Village,2027,prophet_forecast,267.5974952670019,224.8443628434591,311.6218995795561
02M042,P.S. 042 Benjamin Altman,2013,prophet_train,761.2563168,741.0631532876882,779.606152477851
02M042,P.S. 042 Benjamin Altman,2014,prophet_train,721.2135474156795,702.2627239098312,738.5378560944779
02M042,P.S. 042 Benjamin Altman,2015,prophet_train,681.170778031359,661.3364256638419,700.0605073228147
02M042,P.S. 042 Benjamin Altman,2016,prophet_train,641.0183024295471,621.2321656002691,658.6474749527977
02M042,P.S. 042 Benjamin Altman,2017,prophet_train,600.9755330452266,583.5303772134657,619.0753112368495
02M042,P.S. 042 Benjamin Altman,2018,prophet_train,560.932763660906,542.3911807861066,580.2770847341138
02M042,P.S. 042 Benjamin Altman,2019,prophet_train,520.8899942765854,502.63079780784676,541.1172566687245
02M042,P.S. 042 Benjamin Altman,2020,prophet_train,480.7375186747736,463.17181056362693,500.18154958351244
02M042,P.S. 042 Benjamin Altman,2021,prophet_train,463.32670184968646,445.2076720948554,483.57940214364646
02M042,P.S. 042 Benjamin Altman,2022,prophet_train,445.91588502459933,427.70819090366166,465.45787253674
02M042,P.S. 042 Benjamin Altman,2023,prophet_train,428.5050681995122,409.2325541340641,446.54641624033
02M042,P.S. 042 Benjamin Altman,2024,prophet_train,411.0465505064112,392.20612707255725,429.1491643484715
02M042,P.S. 042 Benjamin Altman,2025,prophet_forecast,393.63573368132415,373.60159673228895,412.6157805692247
02M042,P.S. 042 Benjamin Altman,2026,prophet_forecast,376.224916856237,355.2214536860849,397.18114746985145
02M042,P.S. 042 Benjamin Altman,2027,prophet_forecast,358.8141000311499,335.1008380387351,379.5983335549025
02M051,P.S. 051 Elias Howe,2013,prophet_train,300.0850944,274.6993110313397,328.4889231667518
02M051,P.S. 051 Elias Howe,2014,prophet_train,315.5846155014435,286.5577945932133,342.11962502687186
02M051,P.S. 051 Elias Howe,2015,prophet_train,331.08413660288704,304.74077468898787,357.39851040866074
02M051,P.S. 051 Elias Howe,2016,prophet_train,346.6261221457043,318.5661606774576,375.7075009567055
02M051,P.S. 051 Elias Howe,2017,prophet_train,362.1256432471478,333.77237608069424,388.9782296382747
02M051,P.S. 051 Elias Howe,2018,prophet_train,377.62516434859134,347.83228600229916,404.68653361243656
02M051,P.S. 051 Elias Howe,2019,prophet_train,393.1246854500348,366.74032787934607,418.9132768834173
02M051,P.S. 051 Elias Howe,2020,prophet_train,408.6666709928522,381.85227677475615,437.33409691908435
02M051,P.S. 051 Elias Howe,2021,prophet_train,401.5066017532305,374.0241413430527,428.5378738434831
02M051,P.S. 051 Elias Howe,2022,prophet_train,394.3465325136088,367.1293509401228,421.1456290191588
02M051,P.S. 051 Elias Howe,2023,prophet_train,387.18646327398704,361.8814880311451,416.4806707574104
02M051,P.S. 051 Elias Howe,2024,prophet_train,380.00677740631164,351.648244309191,407.6879558967278
02M051,P.S. 051 Elias Howe,2025,prophet_forecast,372.84670816668995,344.7869435760233,400.1101143704797
02M051,P.S. 051 Elias Howe,2026,prophet_forecast,365.6866389270682,334.7761320409973,396.63191723403673
02M051,P.S. 051 Elias Howe,2027,prophet_forecast,358.5265696874465,327.13509593113776,389.6779667396772
02M059,P.S. 059 Beekman Hill International,2013,prophet_train,596.69718859,574.2187763637646,619.4070979037816
02M059,P.S. 059 Beekman Hill International,2014,prophet_train,592.9855516895148,569.2495716158815,618.084909789903
02M059,P.S. 059 Beekman Hill International,2015,prophet_train,589.2739147890294,567.2013840941058,614.0210863666229
02M059,P.S. 059 Beekman Hill International,2016,prophet_train,585.5521090203235,561.9676449184806,608.3097902623508
02M059,P.S. 059 Beekman Hill International,2017,prophet_train,581.8404721198383,558.8695466957116,606.3115138317884
02M059,P.S. 059 Beekman Hill International,2018,prophet_train,578.1288352193529,554.8383857846279,600.9876734166174
02M059,P.S. 059 Beekman Hill International,2019,prophet_train,574.4171983188677,550.9863243614152,596.4506849324537
02M059,P.S. 059 Beekman Hill International,2020,prophet_train,570.6953925501618,546.3328832569855,594.1224809307613
02M059,P.S. 059 Beekman Hill International,2021,prophet_train,548.1622837723246,524.972949080462,571.3881699225266
02M059,P.S. 059 Beekman Hill International,2022,prophet_train,525.6291749944874,502.2716004856349,549.7566772761461
02M059,P.S. 059 Beekman Hill International,2023,prophet_train,503.09606621665006,479.9432665557436,525.6190230946729
02M059,P.S. 059 Beekman Hill International,2024,prophet_train,480.501222894216,457.60029787088865,503.76632974056
02M059,P.S. 059 Beekman Hill International,2025,prophet_forecast,457.96811411637884,435.7793009734149,481.22211212167883
02M059,P.S. 059 Beekman Hill International,2026,prophet_forecast,435.4350053385416,410.9687482947203,461.00595537722114
02M059,P.S. 059 Beekman Hill International,2027,prophet_forecast,412.90189656070436,384.78916636472894,439.5101651693892
02M077,P.S. 77 Lower Lab School,2013,prophet_train,349.32541398,340.556023370768,357.49894725549876
02M077,P.S. 77 Lower Lab School,2014,prophet_train,350.5611291254691,341.7222618934596,358.74350427683254
02M077,P.S. 77 Lower Lab School,2015,prophet_train,351.7968442709383,342.75883749476156,359.8487039570841
02M077,P.S. 77 Lower Lab School,2016,prophet_train,353.0359449373539,344.9163352574545,362.03750913621
02M077,P.S. 77 Lower Lab School,2017,prophet_train,354.2716600828231,345.4753413486858,362.45891763980393
02M077,P.S. 77 Lower Lab School,2018,prophet_train,355.5073752282922,346.89472569138013,363.6533004671321
02M077,P.S. 77 Lower Lab School,2019,prophet_train,356.74309037376133,348.1312097826039,365.2755553866395
02M077,P.S. 77 Lower Lab School,2020,prophet_train,357.982191040177,349.3061569638438,366.84936017377726
02M077,P.S. 77 Lower Lab School,2021,prophet_train,360.16596805570583,351.479720467803,368.5407373653881
02M077,P.S. 77 Lower Lab School,2022,prophet_train,362.3497450712347,353.8044395652567,371.6621929237214
02M077,P.S. 77 Lower Lab School,2023,prophet_train,364.5335220867636,355.7576176440898,373.18176592424527
02M077,P.S. 77 Lower Lab School,2024,prophet_train,366.72328205301994,357.9933286977087,375.7231112229087
02M077,P.S. 77 Lower Lab School,2025,prophet_forecast,368.9070590685488,360.1093296464916,377.58263416871665
02M077,P.S. 77 Lower Lab School,2026,prophet_forecast,371.09083608407764,362.36563261411743,379.94003630957616
02M077,P.S. 77 Lower Lab School,2027,prophet_forecast,373.27461309960654,364.05377837620404,382.2855698966584
02M089,P.S. 89,2013,prophet_train,432.3513776,397.5566132515213,466.7919498988962
02M089,P.S. 89,2014,prophet_train,420.21623532140364,385.1368695522978,452.57874795422646
02M089,P.S. 89,2015,prophet_train,408.0810930428073,371.8792171271213,444.56669655301323
02M089,P.S. 89,2016,prophet_train,395.91270379906416,361.6137841397773,432.1522546826839
02M089,P.S. 89,2017,prophet_train,383.7775615204679,349.3401356930489,417.4615142064286
02M089,P.S. 89,2018,prophet_train,371.64241924187155,337.726058725465,405.34788310774553
02M089,P.S. 89,2019,prophet_train,359.5072769632753,323.7083935979408,396.0201345004054
02M089,P.S. 89,2020,prophet_train,347.33888771953207,312.1850989442506,380.9278610078772
02M089,P.S. 89,2021,prophet_train,334.3163852368939,298.60179500155834,368.9862865394998
02M089,P.S. 89,2022,prophet_train,321.2938827542558,286.0565788407458,356.41710984909446
02M089,P.S. 89,2023,prophet_train,308.27138027161766,273.3950818027628,344.6773678466496
02M089,P.S. 89,2024,prophet_train,295.21319969998603,260.85373762539825,329.75040131582415
02M089,P.S. 89,2025,prophet_forecast,282.1906972173479,246.29899409091092,318.8538325574549
02M089,P.S. 89,2026,prophet_forecast,269.16819473470974,232.60730714375586,304.45053990868195
02M089,P.S. 89,2027,prophet_forecast,256.1456922520716,221.51000578074414,289.1032790074391
02M111,P.S. 111 Adolph S. Ochs,2013,prophet_train,299.33210212,268.19507991230216,333.8948723181699
02M111,P.S. 111 Adolph S. Ochs,2014,prophet_train,307.33918131183674,275.32487811235103,338.10222655139125
02M111,P.S. 111 Adolph S. Ochs,2015,prophet_train,315.3462605036735,283.95124614693367,347.76330260614924
02M111,P.S. 111 Adolph S. Ochs,2016,prophet_train,323.3752768987755,290.5755992066617,354.17771301792015
02M111,P.S. 111 Adolph S. Ochs,2017,prophet_train,331.38235609061223,300.7659518819105,361.18889033151464
02M111,P.S. 111 Adolph S. Ochs,2018,prophet_train,339.38943528244897,307.57596061027385,370.8802355831936
02M111,P.S. 111 Adolph S. Ochs,2019,prophet_train,347.39651447428577,317.04571704498255,379.12709813197273
02M111,P.S. 111 Adolph S. Ochs,2020,prophet_train,355.4255308693878,323.87622673871095,387.2957558379586
02M111,P.S. 111 Adolph S. Ochs,2021,prophet_train,352.05277937167745,321.46196633972465,383.6487063142593
02M111,P.S. 111 Adolph S. Ochs,2022,prophet_train,348.68002787396716,318.5196126639946,381.35274405100085
02M111,P.S. 111 Adolph S. Ochs,2023,prophet_train,345.3072763762569,315.0211194509857,373.8660695811019
02M111,P.S. 111 Adolph S. Ochs,2024,prophet_train,341.92528446348433,310.472774006104,372.9429875802213
02M111,P.S. 111 Adolph S. Ochs,2025,prophet_forecast,338.55253296577405,309.1961774459203,367.95432566138953
02M111,P.S. 111 Adolph S. Ochs,2026,prophet_forecast,335.1797814680637,302.9949857853815,366.93537556342073
02M111,P.S. 111 Adolph S. Ochs,2027,prophet_forecast,331.8070299703534,296.7919446097328,366.091682697363
02M116,P.S. 116 Mary Lindley Murray,2013,prophet_train,699.19835916,671.2812978390854,725.7537597270041
02M116,P.S. 116 Mary Lindley Murray,2014,prophet_train,650.329001363136,624.5247276140033,677.3701517963517
02M116,P.S. 116 Mary Lindley Murray,2015,prophet_train,601.4596435662718,576.1653473989959,627.0454670302616
02M116,P.S. 116 Mary Lindley Murray,2016,prophet_train,552.4563971179094,525.6105876904443,577.4838962623494
02M116,P.S. 116 Mary Lindley Murray,2017,prophet_train,503.58703932104527,477.1692150891649,530.6173008323875
02M116,P.S. 116 Mary Lindley Murray,2018,prophet_train,454.7176815241812,428.1752076960586,479.62844057040707
02M116,P.S. 116 Mary Lindley Murray,2019,prophet_train,405.8483237273171,377.71625358621156,432.7773819966236
02M116,P.S. 116 Mary Lindley Murray,2020,prophet_train,356.8450772789547,329.7526067404751,381.73893213686256
02M116,P.S. 116 Mary Lindley Murray,2021,prophet_train,347.56340713530113,321.0791902158279,373.47288112009056
02M116,P.S. 116 Mary Lindley Murray,2022,prophet_train,338.2817369916476,310.97456197228456,363.5820306582697
02M116,P.S. 116 Mary Lindley Murray,2023,prophet_train,329.00006684799405,301.8537518298349,354.5868254581963
02M116,P.S. 116 Mary Lindley Murray,2024,prophet_train,319.6929674710702,291.70958935029074,345.9725228518464
02M116,P.S. 116 Mary Lindley Murray,2025,prophet_forecast,310.41129732741666,281.39624981062536,338.65853493642186
02M116,P.S. 116 Mary Lindley Murray,2026,prophet_forecast,301.1296271837631,269.507127250323,329.6379915450551
02M116,P.S. 116 Mary Lindley Murray,2027,prophet_forecast,291.8479570401095,252.09096027276388,323.0284794377139
02M124,P.S. 124 Yung Wing,2013,prophet_train,820.7558002999999,805.3682309244305,836.3105613264478
02M124,P.S. 124 Yung Wing,2014,prophet_train,784.6134785071926,768.9071493928757,800.0470187273462
02M124,P.S. 124 Yung Wing,2015,prophet_train,748.4711567143852,733.5651492622836,762.563893760777
02M124,P.S. 124 Yung Wing,2016,prophet_train,712.2298148618717,695.6872949628175,726.8911646848342
02M124,P.S. 124 Yung Wing,2017,prophet_train,676.0874930690643,659.4230155566789,692.7934023759032
02M124,P.S. 124 Yung Wing,2018,prophet_train,639.9451712762568,624.9261562765578,655.0195145786703
02M124,P.S. 124 Yung Wing,2019,prophet_train,603.8028494834496,588.7183716517377,620.2940195959895
02M124,P.S. 124 Yung Wing,2020,prophet_train,567.5615076309358,552.9290306942996,582.0931869115942
02M124,P.S. 124 Yung Wing,2021,prophet_train,531.4986590328249,517.3397213625085,546.0388571991226
02M124,P.S. 124 Yung Wing,2022,prophet_train,495.43581043471374,480.38390531181653,510.101928791262
02M124,P.S. 124 Yung Wing,2023,prophet_train,459.3729618366028,444.4453459457871,474.6697141780459
02M124,P.S. 124 Yung Wing,2024,prophet_train,423.2113109135655,408.72167187533415,438.373927245269
02M124,P.S. 124 Yung Wing,2025,prophet_forecast,387.1484623154545,372.6976921261982,402.1443929957796
02M124,P.S. 124 Yung Wing,2026,prophet_forecast,351.08561371734345,336.57858197827017,365.30984036797577
02M124,P.S. 124 Yung Wing,2027,prophet_forecast,315.0227651192324,300.8774105591273,330.5781824003646
02M130,P.S. 130 Hernando De Soto,2013,prophet_train,1023.9420978,988.1080984529259,1058.7269613558474
02M130,P.S. 130 Hernando De Soto,2014,prophet_train,979.7301074756224,946.9783848335414,1011.7458613601653
02M130,P.S. 130 Hernando De Soto,2015,prophet_train,935.5181171512445,899.790118798563,968.7828649431706
02M130,P.S. 130 Hernando De Soto,2016,prophet_train,891.184998086252,856.1518698310114,927.9328774769775
02M130,P.S. 130 Hernando De Soto,2017,prophet_train,846.9730077618741,813.8859186481538,882.8096542789237
02M130,P.S. 130 Hernando De Soto,2018,prophet_train,802.7610174374963,768.3326956100476,836.276307186064
02M130,P.S. 130 Hernando De Soto,2019,prophet_train,758.5490271131187,720.7817769284912,795.6009159641416
02M130,P.S. 130 Hernando De Soto,2020,prophet_train,714.215908048126,679.5969896059311,748.414550976387
02M130,P.S. 130 Hernando De Soto,2021,prophet_train,659.9526054206372,625.6533073540944,697.6692349329414
02M130,P.S. 130 Hernando De Soto,2022,prophet_train,605.6893027931484,568.5712984948289,642.5216655312156
02M130,P.S. 130 Hernando De Soto,2023,prophet_train,551.4260001656596,517.6160524392568,586.749363899198
02M130,P.S. 130 Hernando De Soto,2024,prophet_train,497.0140309556298,460.60807406421765,533.1308058088238
02M130,P.S. 130 Hernando De Soto,2025,prophet_forecast,442.750728328141,410.30298101872734,477.5822121717957
02M130,P.S. 130 Hernando De Soto,2026,prophet_forecast,388.4874257006521,353.57004602181013,423.74829912946655
02M130,P.S. 130 Hernando De Soto,2027,prophet_forecast,334.2241230731634,295.9759852576166,373.03887528722305
02M150,P.S. 150,2013,prophet_train,170.3686008,149.22984222564256,194.12132161652147
02M150,P.S. 150,2014,prophet_train,168.33588048865727,147.7498007252569,189.72772718479982
02M150,P.S. 150,2015,prophet_train,166.3031601773146,144.5776648330014,187.33925281230495
02M150,P.S. 150,2016,prophet_train,164.26487076922845,144.39083987169394,186.42137168680816
02M150,P.S. 150,2017,prophet_train,162.23215045788575,142.09498707357218,185.90559789211684
02M150,P.S. 150,2018,prophet_train,160.19943014654305,138.48518437710072,182.5403615328953
02M150,P.S. 150,2019,prophet_train,158.16670983520035,136.38708391068593,180.04405231203202
02M150,P.S. 150,2020,prophet_train,156.12842042711424,135.5074934974759,179.07670659928345
02M150,P.S. 150,2021,prophet_train,173.56937165901442,153.39869904695243,194.0578497494596
02M150,P.S. 150,2022,prophet_train,191.0103228909146,169.99263133137194,212.3205897716159
02M150,P.S. 150,2023,prophet_train,208.45127412281485,187.2379554079225,228.98776754208293
02M150,P.S. 150,2024,prophet_train,225.94000878274764,203.65838107100114,247.33925721301287
02M150,P.S. 150,2025,prophet_forecast,243.38096001464783,219.2654559993337,263.47088976134495
02M150,P.S. 150,2026,prophet_forecast,260.82191124654804,237.77529098626877,285.4319164401768
02M150,P.S. 150,2027,prophet_forecast,278.26286247844826,252.34974536200116,306.5276691801526
02M151,Yorkville Community School,2014,prophet_train,579.1420492000001,565.791661553298,592.6882638342229
02M151,Yorkville Community School,2015,prophet_train,543.9658523466193,529.5957741199703,558.2753480686097
02M151,Yorkville Community School,2016,prophet_train,508.69328235117445,495.5663642540177,521.8418601583513
02M151,Yorkville Community School,2017,prophet_train,473.51708549779363,460.3461842068238,487.7169609985866
02M151,Yorkville Community School,2018,prophet_train,438.34088864441287,424.56464586944224,451.7932550418097
02M151,Yorkville Community School,2019,prophet_train,403.16469179103206,388.73707363651744,417.7357962147836
02M151,Yorkville Community School,2020,prophet_train,367.89212179558723,354.28991641746416,381.4835029838857
02M151,Yorkville Community School,2021,prophet_train,342.1702486212101,328.4230632997012,356.7751185265513
02M151,Yorkville Community School,2022,prophet_train,316.4483754468328,303.36757028828833,329.758214185119
02M151,Yorkville Community School,2023,prophet_train,290.72650227245555,276.23531561794243,305.1819516793515
02M151,Yorkville Community School,2024,prophet_train,264.9341582126691,251.27347369518063,277.4791411066767
02M151,Yorkville Community School,2025,prophet_forecast,239.2122850382919,225.47851758046022,252.39613630176277
02M151,Yorkville Community School,2026,prophet_forecast,213.4904118639147,198.96930192786067,228.79618649484283
02M151,Yorkville Community School,2027,prophet_forecast,187.76853868953742,172.0125411004721,204.9444314322032
02M158,P.S. 158 Bayard Taylor,2013,prophet_train,726.5745774,683.1250682532756,767.5887481294549
02M158,P.S. 158 Bayard Taylor,2014,prophet_train,716.6462898512195,674.2362026043645,765.1918622913919
02M158,P.S. 158 Bayard Taylor,2015,prophet_train,706.718002302439,661.2103561775613,753.2113665341657
02M158,P.S. 158 Bayard Taylor,2016,prophet_train,696.7625139658536,653.5604977665558,746.3952767138455
02M158,P.S. 158 Bayard Taylor,2017,prophet_train,686.8342264170732,638.9599712660985,729.7637185807224
02M158,P.S. 158 Bayard Taylor,2018,prophet_train,676.9059388682927,631.7770632908905,720.2078380960011
02M158,P.S. 158 Bayard Taylor,2019,prophet_train,666.9776513195121,623.2549717214259,711.0047469744839
02M158,P.S. 158 Bayard Taylor,2020,prophet_train,657.022162982927,613.7514772652219,707.0454239306523
02M158,P.S. 158 Bayard Taylor,2021,prophet_train,627.9706705774391,587.1917520011331,675.8048874394657
02M158,P.S. 158 Bayard Taylor,2022,prophet_train,598.9191781719513,557.0899299722198,647.1615369857785
02M158,P.S. 158 Bayard Taylor,2023,prophet_train,569.8676857664634,525.6448585610458,614.3443813409074
02M158,P.S. 158 Bayard Taylor,2024,prophet_train,540.7366002310977,495.97792078986794,583.6820625241213
02M158,P.S. 158 Bayard Taylor,2025,prophet_forecast,511.68510782560986,464.88610337693945,558.659922214649
02M158,P.S. 158 Bayard Taylor,2026,prophet_forecast,482.63361542012206,436.1609164046985,532.4378892667239
02M158,P.S. 158 Bayard Taylor,2027,prophet_forecast,453.58212301463425,402.34315405015957,501.7865294462806
02M183,P.S. 183 Robert L. Stevenson,2013,prophet_train,598.0197011399999,573.2360555991177,626.0206737992286
02M183,P.S. 183 Robert L. Stevenson,2014,prophet_train,584.5832398916177,558.5862496197436,611.2826301001736
02M183,P.S. 183 Robert L. Stevenson,2015,prophet_train,571.1467786432355,545.3340462666622,597.2074775608287
02M183,P.S. 183 Robert L. Stevenson,2016,prophet_train,557.6735051722549,531.2348633450476,584.6138229021423
02M183,P.S. 183 Robert L. Stevenson,2017,prophet_train,544.2370439238725,519.3739162693531,570.5880660756702
02M183,P.S. 183 Robert L. Stevenson,2018,prophet_train,530.8005826754903,504.9994674604471,556.0866693945493
02M183,P.S. 183 Robert L. Stevenson,2019,prophet_train,517.364121427108,489.5236583704449,542.474014171513
02M183,P.S. 183 Robert L. Stevenson,2020,prophet_train,503.89084795612735,478.7998682384754,529.0997671636565
02M183,P.S. 183 Robert L. Stevenson,2021,prophet_train,499.1616995100597,474.27823907160956,526.6481844119237
02M183,P.S. 183 Robert L. Stevenson,2022,prophet_train,494.432551063992,467.3811122677986,519.313135247257
02M183,P.S. 183 Robert L. Stevenson,2023,prophet_train,489.70340261792427,464.4267519222734,514.8356174841329
02M183,P.S. 183 Robert L. Stevenson,2024,prophet_train,484.96129760077145,458.45073627670473,509.99299695331473
02M183,P.S. 183 Robert L. Stevenson,2025,prophet_forecast,480.2321491547038,453.1750223909408,505.8859956415928
02M183,P.S. 183 Robert L. Stevenson,2026,prophet_forecast,475.5030007086361,451.1489240467763,500.9704003106202
02M183,P.S. 183 Robert L. Stevenson,2027,prophet_forecast,470.7738522625684,441.91149061300746,498.63264211569117
02M198,P.S. 198 Isador E. Ida Straus,2013,prophet_train,453.09563778,426.90030631771015,480.9203713629671
02M198,P.S. 198 Isador E. Ida Straus,2014,prophet_train,446.0637234051369,420.60913011010956,472.8310955419615
02M198,P.S. 198 Isador E. Ida Straus,2015,prophet_train,439.03180903027373,410.823187791324,467.9538746386146
02M198,P.S. 198 Isador E. Ida Straus,2016,prophet_train,431.98062913657543,404.4955400759281,458.44706596156306
02M198,P.S. 198 Isador E. Ida Straus,2017,prophet_train,424.94871476171227,399.34889921420285,451.3694652335107
02M198,P.S. 198 Isador E. Ida Straus,2018,prophet_train,417.91680038684916,390.2504154679776,447.3387198017688
02M198,P.S. 198 Isador E. Ida Straus,2019,prophet_train,410.88488601198605,385.54968219319744,438.3377812970161
02M198,P.S. 198 Isador E. Ida Straus,2020,prophet_train,403.83370611828775,376.0328387037253,430.68698619784954
02M198,P.S. 198 Isador E. Ida Straus,2021,prophet_train,417.3167293610951,389.25115217252505,444.53505419849756
02M198,P.S. 198 Isador E. Ida Straus,2022,prophet_train,430.7997526039024,402.19422982627356,456.71591956617146
02M198,P.S. 198 Isador E. Ida Straus,2023,prophet_train,444.28277584670985,415.215961118827,473.0436466088905
02M198,P.S. 198 Isador E. Ida Straus,2024,prophet_train,457.8027388792235,428.21569514934276,484.47716034762846
02M198,P.S. 198 Isador E. Ida Straus,2025,prophet_forecast,471.28576212203086,443.79916120037683,499.1397593870282
02M198,P.S. 198 Isador E. Ida Straus,2026,prophet_forecast,484.7687853648383,455.50154629148284,512.2751677623156
02M198,P.S. 198 Isador E. Ida Straus,2027,prophet_forecast,498.25180860764567,466.27148825643866,529.2634515916441
02M212,P.S. 212 Midtown West,2013,prophet_train,358.0574256,335.7598759139494,381.6925354103577
02M212,P.S. 212 Midtown West,2014,prophet_train,348.96129251524394,326.08586825065646,373.7459624104327
02M212,P.S. 212 Midtown West,2015,prophet_train,339.86515943048784,316.6219486184051,363.23826285613137
02M212,P.S. 212 Midtown West,2016,prophet_train,330.7441054331708,309.0009971776127,354.68412646362424
02M212,P.S. 212 Midtown West,2017,prophet_train,321.64797234841467,297.55565836541217,346.00489661999325
02M212,P.S. 212 Midtown West,2018,prophet_train,312.5518392636585,289.509025954952,335.6849642297354
02M212,P.S. 212 Midtown West,2019,prophet_train,303.45570617890246,279.4776075292948,327.2840136155464
02M212,P.S. 212 Midtown West,2020,prophet_train,294.33465218158534,271.1991046792853,316.79756546008224
02M212,P.S. 212 Midtown West,2021,prophet_train,285.2385190779105,259.44436585972136,307.9838721059845
02M212,P.S. 212 Midtown West,2022,prophet_train,276.1423859742356,253.47674939842426,300.73072829507396
02M212,P.S. 212 Midtown West,2023,prophet_train,267.04625287056064,243.20652527625597,289.65160985490877
02M212,P.S. 212 Midtown West,2024,prophet_train,257.925198854273,234.1013996208418,282.1821824008485
02M212,P.S. 212 Midtown West,2025,prophet_forecast,248.8290657505981,224.67073323196485,273.599070968604
02M212,P.S. 212 Midtown West,2026,prophet_forecast,239.73293264692322,216.74449253090717,262.5723396326883
02M212,P.S. 212 Midtown West,2027,prophet_forecast,230.63679954324837,206.1671290555176,252.2228063193559
02M217,P.S./I.S. 217 Roosevelt Island,2013,prophet_train,438.35602452,405.5304802788535,468.37807671780826
02M217,P.S./I.S. 217 Roosevelt Island,2014,prophet_train,451.44986736489795,421.7271074689593,481.9337420291068
02M217,P.S./I.S. 217 Roosevelt Island,2015,prophet_train,464.5437102097959,434.2387030422023,496.1324035021433
02M217,P.S./I.S. 217 Roosevelt Island,2016,prophet_train,477.67342659673466,449.1109860180136,505.9763933183523
02M217,P.S./I.S. 217 Roosevelt Island,2017,prophet_train,490.7672694416326,460.9176546302029,522.0533991920483
02M217,P.S./I.S. 217 Roosevelt Island,2018,prophet_train,503.8611122865306,471.7966961795923,532.9612398584657
02M217,P.S./I.S. 217 Roosevelt Island,2019,prophet_train,516.9549551314285,484.158336930767,547.156846523862
02M217,P.S./I.S. 217 Roosevelt Island,2020,prophet_train,530.0846715183674,502.1938124898585,558.4491095269337
02M217,P.S./I.S. 217 Roosevelt Island,2021,prophet_train,536.0769667391364,505.20340678329677,564.853525296565
02M217,P.S./I.S. 217 Roosevelt Island,2022,prophet_train,542.0692619599054,513.1259712885508,572.5935568578446
02M217,P.S./I.S. 217 Roosevelt Island,2023,prophet_train,548.0615571806745,520.07713267465,579.4380357398418
02M217,P.S./I.S. 217 Roosevelt Island,2024,prophet_train,554.0702696486237,526.2187825202494,585.052835348211
02M217,P.S./I.S. 217 Roosevelt Island,2025,prophet_forecast,560.0625648693928,530.7062747774225,590.4494830943509
02M217,P.S./I.S. 217 Roosevelt Island,2026,prophet_forecast,566.0548600901618,535.4716474562882,595.7940984090715
02M217,P.S./I.S. 217 Roosevelt Island,2027,prophet_forecast,572.0471553109309,539.5581094927743,604.0823670738855
02M225,Ella Baker School,2013,prophet_train,193.19891052,189.09903642058123,197.4868143967886
02M225,Ella Baker School,2014,prophet_train,198.82502078232034,194.46768073923164,203.01041320644237
02M225,Ella Baker School,2015,prophet_train,204.45113104464065,200.37520501201328,208.72572999874538
02M225,Ella Baker School,2016,prophet_train,210.09265530767968,206.04401379203333,214.58409925172109
02M225,Ella Baker School,2017,prophet_train,215.71876557000002,211.24950087343987,220.1174812857211
02M225,Ella Baker School,2018,prophet_train,221.34487583232033,217.163928072523,225.6517904255921
02M225,Ella Baker School,2019,prophet_train,226.97098609464064,222.6307564324821,231.6617321759589
02M225,Ella Baker School,2020,prophet_train,232.61251035767967,228.54143192905914,236.5330841087774
02M225,Ella Baker School,2021,prophet_train,213.78339074494863,209.6524344537473,218.12130626392118
02M225,Ella Baker School,2025,prophet_forecast,138.41532566494865,133.39553411085345,143.5775656023821
02M225,Ella Baker School,2026,prophet_forecast,119.58620605221766,112.7886120360936,126.94785165611928
02M225,Ella Baker School,2027,prophet_forecast,100.75708643948661,84.3124321414126,116.91870441042732
02M234,P.S. 234 Independence School,2013,prophet_train,785.246333,739.274291120849,829.4220309952763
02M234,P.S. 234 Independence School,2014,prophet_train,748.4609527991538,704.8664656680498,796.2702226588897
02M234,P.S. 234 Independence School,2015,prophet_train,711.6755725983077,665.0646086836231,755.4664366215429
02M234,P.S. 234 Independence School,2016,prophet_train,674.7894105338975,629.0370485689853,721.9205291568774
02M234,P.S. 234 Independence School,2017,prophet_train,638.0040303330513,589.3501340554185,680.9980260910296
02M234,P.S. 234 Independence School,2018,prophet_train,601.2186501322051,560.3683527546078,647.9099813858372
02M234,P.S. 234 Independence School,2019,prophet_train,564.433269931359,519.1376399893849,609.5215751988284
02M234,P.S. 234 Independence School,2020,prophet_train,527.5471078669487,484.1082029731211,569.9074725668468
02M234,P.S. 234 Independence School,2021,prophet_train,507.7901886657915,464.223867270467,551.6073759338612
02M234,P.S. 234 Independence School,2022,prophet_train,488.0332694646342,440.2990806409843,533.8561352606067
02M234,P.S. 234 Independence School,2023,prophet_train,468.2763502634769,424.27906020810326,513.2873251173331
02M234,P.S. 234 Independence School,2024,prophet_train,448.4653025165631,403.2511130522341,495.2545847962931
02M234,P.S. 234 Independence School,2025,prophet_forecast,428.7083833154058,382.98279744452054,477.23634500692947
02M234,P.S. 234 Independence School,2026,prophet_forecast,408.9514641142485,359.4821657653817,458.5620896357169
02M234,P.S. 234 Independence School,2027,prophet_forecast,389.19454491309114,339.65311731514566,437.67131024924186
02M267,"East Side Elementary School, PS 267",2015,prophet_train,369.96832889999996,350.2146066094,390.723699426549
02M267,"East Side Elementary School, PS 267",2016,prophet_train,379.02204011058393,357.27891679717266,399.28972523951734
02M267,"East Side Elementary School, PS 267",2017,prophet_train,388.05101440529194,366.03276387181114,410.5703229898076
02M267,"East Side Elementary School, PS 267",2018,prophet_train,397.0799887,375.75052049757153,418.1943688247621
02M267,"East Side Elementary School, PS 267",2019,prophet_train,406.108962994708,385.15452988751684,429.62998175928067
02M267,"East Side Elementary School, PS 267",2020,prophet_train,415.162674205292,393.4920551413905,435.82921992798515
02M267,"East Side Elementary School, PS 267",2021,prophet_train,397.46109325264604,374.5011012510879,418.3579582969768
02M267,"East Side Elementary School, PS 267",2022,prophet_train,379.7595123,356.90902273885,401.6004142614441
02M267,"East Side Elementary School, PS 267",2023,prophet_train,362.05793134735404,340.8183713189962,383.4584426720042
02M267,"East Side Elementary School, PS 267",2024,prophet_train,344.307852912646,323.1036727897396,367.0758423362302
02M267,"East Side Elementary School, PS 267",2025,prophet_forecast,326.6062719600001,304.8056182587935,348.22902873380076
02M267,"East Side Elementary School, PS 267",2026,prophet_forecast,308.904691007354,283.65737775933286,336.4387362556454
02M267,"East Side Elementary School, PS 267",2027,prophet_forecast,291.203110054708,263.91555365901553,319.4638520861103
02M290,P.S. 290 Manhattan New School,2013,prophet_train,695.0448675,652.2334466647494,735.4231067332055
02M290,P.S. 290 Manhattan New School,2014,prophet_train,659.6795604551394,619.3815155388523,698.4977212327931
02M290,P.S. 290 Manhattan New School,2015,prophet_train,624.3142534102788,587.803635516696,664.7602217244635
02M290,P.S. 290 Manhattan New School,2016,prophet_train,588.8520551132405,549.8347890111932,632.8981633597109
02M290,P.S. 290 Manhattan New School,2017,prophet_train,553.4867480683798,515.7249075162757,593.6307128706973
02M290,P.S. 290 Manhattan New School,2018,prophet_train,518.1214410235192,478.65807317253393,559.3498637587827
02M290,P.S. 290 Manhattan New School,2019,prophet_train,482.75613397865857,443.47433445241137,522.0863252139993
02M290,P.S. 290 Manhattan New School,2020,prophet_train,447.2939356816202,405.0667366031671,486.43775086142557
02M290,P.S. 290 Manhattan New School,2021,prophet_train,416.0246181011386,374.41915298093966,458.274971049495
02M290,P.S. 290 Manhattan New School,2022,prophet_train,384.75530052065704,345.7555100595941,426.35768485979975
02M290,P.S. 290 Manhattan New School,2023,prophet_train,353.4859829401754,312.84826523452176,392.0994409842833
02M290,P.S. 290 Manhattan New School,2024,prophet_train,322.13099599645966,281.25215831962913,361.152742955843
02M290,P.S. 290 Manhattan New School,2025,prophet_forecast,290.86167841597813,252.74473179296365,332.46707212382563
02M290,P.S. 290 Manhattan New School,2026,prophet_forecast,259.59236083549644,218.44589885430003,295.29155492116377
02M290,P.S. 290 Manhattan New School,2027,prophet_forecast,228.32304325501497,186.75822644600348,269.4713578769844
02M343,The Peck Slip School,2017,prophet_train,434.308824,407.68689970668834,461.50571150673056
02M343,The Peck Slip School,2018,prophet_train,412.8005147413375,384.3068972180787,437.62814524955604
02M343,The Peck Slip School,2019,prophet_train,391.292205482675,362.01371548190025,419.3906487104339
02M343,The Peck Slip School,2020,prophet_train,369.72496934933133,341.202957716604,397.6410217856505
02M343,The Peck Slip School,2021,prophet_train,345.42489758107166,317.4685523998384,371.9896827528418
02M343,The Peck Slip School,2022,prophet_train,321.12482581281193,292.28039384765685,347.2177793837269
02M343,The Peck Slip School,2023,prophet_train,296.82475404455226,268.14527247785264,323.08879517169913
02M343,The Peck Slip School,2024,prophet_train,272.45810673720143,245.84903045499425,301.031570680115
02M343,The Peck Slip School,2025,prophet_forecast,248.15803496894182,220.8685675431705,275.3296488264804
02M343,The Peck Slip School,2026,prophet_forecast,223.8579632006821,196.0241401346506,251.9068288584056
02M343,The Peck Slip School,2027,prophet_forecast,199.5578914324224,171.8277806670403,228.4088239097418
02M527,P.S. 527 - East Side School for Social Action,2017,prophet_train,404.48328,384.4434425476243,424.9421988966911
02M527,P.S. 527 - East Side School for Social Action,2018,prophet_train,425.2318768369183,406.4989090551398,444.9893458239739
02M527,P.S. 527 - East Side School for Social Action,2019,prophet_train,445.9804736738365,426.92631889126693,464.9222444107416
02M527,P.S. 527 - East Side School for Social Action,2020,prophet_train,466.7859159815408,447.0131067499553,486.3347649004637
02M527,P.S. 527 - East Side School for Social Action,2021,prophet_train,442.32870582588976,421.4377853525836,461.64085162633955
02M527,P.S. 527 - East Side School for Social Action,2022,prophet_train,417.8714956702386,398.6241400007249,438.7653757731061
02M527,P.S. 527 - East Side School for Social Action,2023,prophet_train,393.4142855145874,373.9497986868802,412.05574485977075
02M527,P.S. 527 - East Side School for Social Action,2024,prophet_train,368.8900693037153,348.1635796928187,387.9097270846448
02M527,P.S. 527 - East Side School for Social Action,2025,prophet_forecast,344.43285914806415,323.6094837090159,365.98622342877053
02M527,P.S. 527 - East Side School for Social Action,2026,prophet_forecast,319.975648992413,292.82759836055965,345.9362094828573
02M527,P.S. 527 - East Side School for Social Action,2027,prophet_forecast,295.5184388367618,258.1416381458761,329.7095109192098
