DBN,year_start,school_year,scenario,model,Enrollment,Enrollment_Lower,Enrollment_Upper,is_forecast
02M001,2013,2013-14,Actual,Piecewise Linear,443.0,443.0,443.0,False
02M001,2014,2014-15,Actual,Piecewise Linear,408.0,408.0,408.0,False
02M001,2015,2015-16,Actual,Piecewise Linear,372.0,372.0,372.0,False
02M001,2016,2016-17,Actual,Piecewise Linear,322.0,322.0,322.0,False
02M001,2017,2017-18,Actual,Piecewise Linear,294.0,294.0,294.0,False
02M001,2018,2018-19,Actual,Piecewise Linear,266.0,266.0,266.0,False
02M001,2019,2019-20,Actual,Piecewise Linear,229.0,229.0,229.0,False
02M001,2020,2020-21,Actual,Piecewise Linear,211.0,211.0,211.0,False
02M001,2021,2021-22,Actual,Piecewise Linear,192.0,192.0,192.0,False
02M001,2022,2022-23,Actual,Piecewise Linear,159.0,159.0,159.0,False
02M001,2023,2023-24,Actual,Piecewise Linear,168.0,168.0,168.0,False
02M001,2024,2024-25,Actual,Piecewise Linear,160.0,160.0,160.0,False
02M001,2025,2025-26,Pessimistic,Piecewise Linear,147.4,124.41766739618927,170.3823326038107,True
02M001,2026,2026-27,Pessimistic,Piecewise Linear,134.8,106.65250601086714,162.94749398913288,True
02M001,2027,2027-28,Pessimistic,Piecewise Linear,122.20000000000002,89.69807353672154,154.70192646327848,True
02M001,2025,2025-26,Base,Piecewise Linear,160.0,137.0176673961893,182.9823326038107,True
02M001,2026,2026-27,Base,Piecewise Linear,160.0,131.85250601086713,188.14749398913287,True
02M001,2027,2027-28,Base,Piecewise Linear,160.0,127.49807353672152,192.5019264632785,True
02M001,2025,2025-26,Optimistic,Piecewise Linear,217.80952380952385,194.82719120571312,240.79185641333453,True
02M001,2026,2026-27,Optimistic,Piecewise Linear,275.61904761904765,247.4715536299148,303.76654160818055,True
02M001,2027,2027-28,Optimistic,Piecewise Linear,333.42857142857144,300.9266449652929,365.93049789184994,True
02M002,2013,2013-14,Actual,Piecewise Linear,787.0,787.0,787.0,False
02M002,2014,2014-15,Actual,Piecewise Linear,727.0,727.0,727.0,False
02M002,2015,2015-16,Actual,Piecewise Linear,651.0,651.0,651.0,False
02M002,2016,2016-17,Actual,Piecewise Linear,567.0,567.0,567.0,False
02M002,2017,2017-18,Actual,Piecewise Linear,530.0,530.0,530.0,False
02M002,2018,2018-19,Actual,Piecewise Linear,463.0,463.0,463.0,False
02M002,2019,2019-20,Actual,Piecewise Linear,421.0,421.0,421.0,False
02M002,2020,2020-21,Actual,Piecewise Linear,397.0,397.0,397.0,False
02M002,2021,2021-22,Actual,Piecewise Linear,343.0,343.0,343.0,False
02M002,2022,2022-23,Actual,Piecewise Linear,319.0,319.0,319.0,False
02M002,2023,2023-24,Actual,Piecewise Linear,255.0,255.0,255.0,False
02M002,2024,2024-25,Actual,Piecewise Linear,317.0,317.0,317.0,False
02M002,2025,2025-26,Pessimistic,Piecewise Linear,292.2,223.18316313793295,361.216836862067,True
02M002,2026,2026-27,Pessimistic,Piecewise Linear,267.40000000000003,182.8719830135135,351.92801698648657,True
02M002,2027,2027-28,Pessimistic,Piecewise Linear,242.6,144.99545327757352,340.2045467224265,True
02M002,2025,2025-26,Base,Piecewise Linear,317.0,247.983163137933,386.016836862067,True
02M002,2026,2026-27,Base,Piecewise Linear,317.0,232.4719830135135,401.5280169864865,True
02M002,2027,2027-28,Base,Piecewise Linear,317.0,219.3954532775735,414.6045467224265,True
02M002,2025,2025-26,Optimistic,Piecewise Linear,408.7619047619048,339.7450678998377,477.77874162397177,True
02M002,2026,2026-27,Optimistic,Piecewise Linear,500.5238095238095,415.995792537323,585.051826510296,True
02M002,2027,2027-28,Optimistic,Piecewise Linear,592.2857142857143,494.68116756328783,689.8902610081409,True
02M003,2013,2013-14,Actual,Piecewise Linear,760.0,760.0,760.0,False
02M003,2014,2014-15,Actual,Piecewise Linear,758.0,758.0,758.0,False
02M003,2015,2015-16,Actual,Piecewise Linear,736.0,736.0,736.0,False
02M003,2016,2016-17,Actual,Piecewise Linear,728.0,728.0,728.0,False
02M003,2017,2017-18,Actual,Piecewise Linear,699.0,699.0,699.0,False
02M003,2018,2018-19,Actual,Piecewise Linear,677.0,677.0,677.0,False
02M003,2019,2019-20,Actual,Piecewise Linear,647.0,647.0,647.0,False
02M003,2020,2020-21,Actual,Piecewise Linear,552.0,552.0,552.0,False
02M003,2021,2021-22,Actual,Piecewise Linear,516.0,516.0,516.0,False
02M003,2022,2022-23,Actual,Piecewise Linear,480.0,480.0,480.0,False
02M003,2023,2023-24,Actual,Piecewise Linear,482.0,482.0,482.0,False
02M003,2024,2024-25,Actual,Piecewise Linear,483.0,483.0,483.0,False
02M003,2025,2025-26,Pessimistic,Piecewise Linear,465.8,433.0296798268216,498.57032017317846,True
02M003,2026,2026-27,Pessimistic,Piecewise Linear,448.6,408.4647184340394,488.73528156596063,True
02M003,2027,2027-28,Pessimistic,Piecewise Linear,431.4000000000001,385.0557687677825,477.74423123221766,True
02M003,2025,2025-26,Base,Piecewise Linear,483.0,450.2296798268216,515.7703201731784,True
02M003,2026,2026-27,Base,Piecewise Linear,483.0,442.8647184340394,523.1352815659607,True
02M003,2027,2027-28,Base,Piecewise Linear,483.0,436.6557687677824,529.3442312322176,True
02M003,2025,2025-26,Optimistic,Piecewise Linear,560.3333333333334,527.5630131601549,593.1036535065118,True
02M003,2026,2026-27,Optimistic,Piecewise Linear,637.6666666666666,597.531385100706,677.8019482326273,True
02M003,2027,2027-28,Optimistic,Piecewise Linear,715.0,668.6557687677824,761.3442312322176,True
02M006,2013,2013-14,Actual,Piecewise Linear,751.0,751.0,751.0,False
02M006,2014,2014-15,Actual,Piecewise Linear,726.0,726.0,726.0,False
02M006,2015,2015-16,Actual,Piecewise Linear,700.0,700.0,700.0,False
02M006,2016,2016-17,Actual,Piecewise Linear,643.0,643.0,643.0,False
02M006,2017,2017-18,Actual,Piecewise Linear,616.0,616.0,616.0,False
02M006,2018,2018-19,Actual,Piecewise Linear,588.0,588.0,588.0,False
02M006,2019,2019-20,Actual,Piecewise Linear,578.0,578.0,578.0,False
02M006,2020,2020-21,Actual,Piecewise Linear,526.0,526.0,526.0,False
02M006,2021,2021-22,Actual,Piecewise Linear,491.0,491.0,491.0,False
02M006,2022,2022-23,Actual,Piecewise Linear,487.0,487.0,487.0,False
02M006,2023,2023-24,Actual,Piecewise Linear,500.0,500.0,500.0,False
02M006,2024,2024-25,Actual,Piecewise Linear,539.0,539.0,539.0,False
02M006,2025,2025-26,Pessimistic,Piecewise Linear,542.5,496.2373493388504,588.7626506611496,True
02M006,2026,2026-27,Pessimistic,Piecewise Linear,546.0,489.3400558657763,602.6599441342237,True
02M006,2027,2027-28,Pessimistic,Piecewise Linear,549.5000000000001,484.0747320036737,614.9252679963265,True
02M006,2025,2025-26,Base,Piecewise Linear,539.0,492.7373493388504,585.2626506611496,True
02M006,2026,2026-27,Base,Piecewise Linear,539.0,482.3400558657763,595.6599441342237,True
02M006,2027,2027-28,Base,Piecewise Linear,539.0,473.5747320036736,604.4252679963264,True
02M006,2025,2025-26,Optimistic,Piecewise Linear,578.4761904761905,532.2135398150409,624.73884113734,True
02M006,2026,2026-27,Optimistic,Piecewise Linear,617.952380952381,561.2924368181573,674.6123250866046,True
02M006,2027,2027-28,Optimistic,Piecewise Linear,657.4285714285714,592.003303432245,722.8538394248978,True
02M011,2013,2013-14,Actual,Piecewise Linear,802.0,802.0,802.0,False
02M011,2014,2014-15,Actual,Piecewise Linear,854.0,854.0,854.0,False
02M011,2015,2015-16,Actual,Piecewise Linear,903.0,903.0,903.0,False
02M011,2016,2016-17,Actual,Piecewise Linear,913.0,913.0,913.0,False
02M011,2017,2017-18,Actual,Piecewise Linear,905.0,905.0,905.0,False
02M011,2018,2018-19,Actual,Piecewise Linear,870.0,870.0,870.0,False
02M011,2019,2019-20,Actual,Piecewise Linear,882.0,882.0,882.0,False
02M011,2020,2020-21,Actual,Piecewise Linear,788.0,788.0,788.0,False
02M011,2021,2021-22,Actual,Piecewise Linear,713.0,713.0,713.0,False
02M011,2022,2022-23,Actual,Piecewise Linear,668.0,668.0,668.0,False
02M011,2023,2023-24,Actual,Piecewise Linear,719.0,719.0,719.0,False
02M011,2024,2024-25,Actual,Piecewise Linear,643.0,643.0,643.0,False
02M011,2025,2025-26,Pessimistic,Piecewise Linear,614.6,546.0703356617948,683.1296643382052,True
02M011,2026,2026-27,Pessimistic,Piecewise Linear,586.2,502.2686450635963,670.1313549364038,True
02M011,2027,2027-28,Pessimistic,Piecewise Linear,557.8000000000001,460.88441926803455,654.7155807319656,True
02M011,2025,2025-26,Base,Piecewise Linear,643.0,574.4703356617949,711.5296643382051,True
02M011,2026,2026-27,Base,Piecewise Linear,643.0,559.0686450635963,726.9313549364037,True
02M011,2027,2027-28,Base,Piecewise Linear,643.0,546.0844192680345,739.9155807319655,True
02M011,2025,2025-26,Optimistic,Piecewise Linear,720.5238095238095,651.9941451856043,789.0534738620147,True
02M011,2026,2026-27,Optimistic,Piecewise Linear,798.047619047619,714.1162641112153,881.9789739840228,True
02M011,2027,2027-28,Optimistic,Piecewise Linear,875.5714285714286,778.655847839463,972.487009303394,True
02M033,2013,2013-14,Actual,Piecewise Linear,540.0,540.0,540.0,False
02M033,2014,2014-15,Actual,Piecewise Linear,598.0,598.0,598.0,False
02M033,2015,2015-16,Actual,Piecewise Linear,609.0,609.0,609.0,False
02M033,2016,2016-17,Actual,Piecewise Linear,588.0,588.0,588.0,False
02M033,2017,2017-18,Actual,Piecewise Linear,614.0,614.0,614.0,False
02M033,2018,2018-19,Actual,Piecewise Linear,599.0,599.0,599.0,False
02M033,2019,2019-20,Actual,Piecewise Linear,579.0,579.0,579.0,False
02M033,2020,2020-21,Actual,Piecewise Linear,524.0,524.0,524.0,False
02M033,2021,2021-22,Actual,Piecewise Linear,480.0,480.0,480.0,False
02M033,2022,2022-23,Actual,Piecewise Linear,515.0,515.0,515.0,False
02M033,2023,2023-24,Actual,Piecewise Linear,587.0,587.0,587.0,False
02M033,2024,2024-25,Actual,Piecewise Linear,576.0,576.0,576.0,False
02M033,2025,2025-26,Pessimistic,Piecewise Linear,597.1,535.46904953085,658.73095046915,True
02M033,2026,2026-27,Pessimistic,Piecewise Linear,618.2,542.7178094939196,693.6821905060805,True
02M033,2027,2027-28,Pessimistic,Piecewise Linear,639.3000000000001,552.1406739845837,726.4593260154164,True
02M033,2025,2025-26,Base,Piecewise Linear,576.0,514.36904953085,637.63095046915,True
02M033,2026,2026-27,Base,Piecewise Linear,576.0,500.5178094939196,651.4821905060804,True
02M033,2027,2027-28,Base,Piecewise Linear,576.0,488.8406739845837,663.1593260154164,True
02M033,2025,2025-26,Optimistic,Piecewise Linear,580.5238095238095,518.8928590546595,642.1547599929595,True
02M033,2026,2026-27,Optimistic,Piecewise Linear,585.047619047619,509.5654285415386,660.5298095536995,True
02M033,2027,2027-28,Optimistic,Piecewise Linear,589.5714285714286,502.41210255601226,676.7307545868449,True
02M040,2013,2013-14,Actual,Piecewise Linear,594.0,594.0,594.0,False
02M040,2014,2014-15,Actual,Piecewise Linear,606.0,606.0,606.0,False
02M040,2015,2015-16,Actual,Piecewise Linear,595.0,595.0,595.0,False
02M040,2016,2016-17,Actual,Piecewise Linear,615.0,615.0,615.0,False
02M040,2017,2017-18,Actual,Piecewise Linear,637.0,637.0,637.0,False
02M040,2018,2018-19,Actual,Piecewise Linear,673.0,673.0,673.0,False
02M040,2019,2019-20,Actual,Piecewise Linear,682.0,682.0,682.0,False
02M040,2020,2020-21,Actual,Piecewise Linear,616.0,616.0,616.0,False
02M040,2021,2021-22,Actual,Piecewise Linear,578.0,578.0,578.0,False
02M040,2022,2022-23,Actual,Piecewise Linear,559.0,559.0,559.0,False
02M040,2023,2023-24,Actual,Piecewise Linear,519.0,519.0,519.0,False
02M040,2024,2024-25,Actual,Piecewise Linear,521.0,521.0,521.0,False
02M040,2025,2025-26,Pessimistic,Piecewise Linear,496.1,473.8265502222283,518.3734497777717,True
02M040,2026,2026-27,Pessimistic,Piecewise Linear,471.2000000000001,443.920706616476,498.4792933835242,True
02M040,2027,2027-28,Pessimistic,Piecewise Linear,446.3000000000001,414.80058524343934,477.7994147565609,True
02M040,2025,2025-26,Base,Piecewise Linear,521.0,498.7265502222283,543.2734497777717,True
02M040,2026,2026-27,Base,Piecewise Linear,521.0,493.7207066164759,548.2792933835241,True
02M040,2027,2027-28,Base,Piecewise Linear,521.0,489.5005852434392,552.4994147565608,True
02M040,2025,2025-26,Optimistic,Piecewise Linear,556.952380952381,534.6789311746093,579.2258307301527,True
02M040,2026,2026-27,Optimistic,Piecewise Linear,592.9047619047619,565.6254685212378,620.184055288286,True
02M040,2027,2027-28,Optimistic,Piecewise Linear,628.8571428571429,597.3577281005821,660.3565576137037,True
02M041,2013,2013-14,Actual,Piecewise Linear,761.0,761.0,761.0,False
02M041,2014,2014-15,Actual,Piecewise Linear,722.0,722.0,722.0,False
02M041,2015,2015-16,Actual,Piecewise Linear,685.0,685.0,685.0,False
02M041,2016,2016-17,Actual,Piecewise Linear,663.0,663.0,663.0,False
02M041,2017,2017-18,Actual,Piecewise Linear,658.0,658.0,658.0,False
02M041,2018,2018-19,Actual,Piecewise Linear,641.0,641.0,641.0,False
02M041,2019,2019-20,Actual,Piecewise Linear,615.0,615.0,615.0,False
02M041,2020,2020-21,Actual,Piecewise Linear,485.0,485.0,485.0,False
02M041,2021,2021-22,Actual,Piecewise Linear,427.0,427.0,427.0,False
02M041,2022,2022-23,Actual,Piecewise Linear,416.0,416.0,416.0,False
02M041,2023,2023-24,Actual,Piecewise Linear,407.0,407.0,407.0,False
02M041,2024,2024-25,Actual,Piecewise Linear,409.0,409.0,409.0,False
02M041,2025,2025-26,Pessimistic,Piecewise Linear,391.8,355.03636780674924,428.5636321932508,True
02M041,2026,2026-27,Pessimistic,Piecewise Linear,374.6000000000001,329.57393001758953,419.6260699824106,True
02M041,2027,2027-28,Pessimistic,Piecewise Linear,357.4000000000001,305.40837275020874,409.3916272497914,True
02M041,2025,2025-26,Base,Piecewise Linear,409.0,372.2363678067493,445.7636321932507,True
02M041,2026,2026-27,Base,Piecewise Linear,409.0,363.9739300175895,454.02606998241055,True
02M041,2027,2027-28,Base,Piecewise Linear,409.0,357.00837275020865,460.99162724979135,True
02M041,2025,2025-26,Optimistic,Piecewise Linear,498.6190476190477,461.8554154257969,535.3826798122984,True
02M041,2026,2026-27,Optimistic,Piecewise Linear,588.2380952380953,543.2120252556847,633.2641652205059,True
02M041,2027,2027-28,Optimistic,Piecewise Linear,677.8571428571429,625.8655156073515,729.8487701069342,True
02M042,2013,2013-14,Actual,Piecewise Linear,756.0,756.0,756.0,False
02M042,2014,2014-15,Actual,Piecewise Linear,740.0,740.0,740.0,False
02M042,2015,2015-16,Actual,Piecewise Linear,691.0,691.0,691.0,False
02M042,2016,2016-17,Actual,Piecewise Linear,616.0,616.0,616.0,False
02M042,2017,2017-18,Actual,Piecewise Linear,611.0,611.0,611.0,False
02M042,2018,2018-19,Actual,Piecewise Linear,540.0,540.0,540.0,False
02M042,2019,2019-20,Actual,Piecewise Linear,514.0,514.0,514.0,False
02M042,2020,2020-21,Actual,Piecewise Linear,498.0,498.0,498.0,False
02M042,2021,2021-22,Actual,Piecewise Linear,475.0,475.0,475.0,False
02M042,2022,2022-23,Actual,Piecewise Linear,436.0,436.0,436.0,False
02M042,2023,2023-24,Actual,Piecewise Linear,416.0,416.0,416.0,False
02M042,2024,2024-25,Actual,Piecewise Linear,424.0,424.0,424.0,False
02M042,2025,2025-26,Pessimistic,Piecewise Linear,403.3,376.1766844512062,430.4233155487938,True
02M042,2026,2026-27,Pessimistic,Piecewise Linear,382.6,349.3808583864791,415.81914161352097,True
02M042,2027,2027-28,Pessimistic,Piecewise Linear,361.9,323.5418392943708,400.2581607056293,True
02M042,2025,2025-26,Base,Piecewise Linear,424.0,396.8766844512062,451.1233155487938,True
02M042,2026,2026-27,Base,Piecewise Linear,424.0,390.7808583864791,457.21914161352095,True
02M042,2027,2027-28,Base,Piecewise Linear,424.0,385.6418392943708,462.3581607056293,True
02M042,2025,2025-26,Optimistic,Piecewise Linear,495.4285714285714,468.3052558797776,522.5518869773653,True
02M042,2026,2026-27,Optimistic,Piecewise Linear,566.8571428571429,533.6380012436219,600.0762844706638,True
02M042,2027,2027-28,Optimistic,Piecewise Linear,638.2857142857143,599.9275535800851,676.6438749913435,True
02M051,2013,2013-14,Actual,Piecewise Linear,286.0,286.0,286.0,False
02M051,2014,2014-15,Actual,Piecewise Linear,314.0,314.0,314.0,False
02M051,2015,2015-16,Actual,Piecewise Linear,322.0,322.0,322.0,False
02M051,2016,2016-17,Actual,Piecewise Linear,340.0,340.0,340.0,False
02M051,2017,2017-18,Actual,Piecewise Linear,385.0,385.0,385.0,False
02M051,2018,2018-19,Actual,Piecewise Linear,410.0,410.0,410.0,False
02M051,2019,2019-20,Actual,Piecewise Linear,416.0,416.0,416.0,False
02M051,2020,2020-21,Actual,Piecewise Linear,407.0,407.0,407.0,False
02M051,2021,2021-22,Actual,Piecewise Linear,374.0,374.0,374.0,False
02M051,2022,2022-23,Actual,Piecewise Linear,351.0,351.0,351.0,False
02M051,2023,2023-24,Actual,Piecewise Linear,400.0,400.0,400.0,False
02M051,2024,2024-25,Actual,Piecewise Linear,393.0,393.0,393.0,False
02M051,2025,2025-26,Pessimistic,Piecewise Linear,392.8,345.42764096162506,440.17235903837496,True
02M051,2026,2026-27,Pessimistic,Piecewise Linear,392.6,334.5809462220293,450.6190537779708,True
02M051,2027,2027-28,Pessimistic,Piecewise Linear,392.4000000000001,325.4053673663226,459.3946326336776,True
02M051,2025,2025-26,Base,Piecewise Linear,393.0,345.62764096162505,440.37235903837495,True
02M051,2026,2026-27,Base,Piecewise Linear,393.0,334.9809462220293,451.0190537779707,True
02M051,2027,2027-28,Base,Piecewise Linear,393.0,326.0053673663225,459.9946326336775,True
02M051,2025,2025-26,Optimistic,Piecewise Linear,379.7619047619048,332.3895457235298,427.1342638002797,True
02M051,2026,2026-27,Optimistic,Piecewise Linear,366.5238095238095,308.5047557458388,424.5428633017802,True
02M051,2027,2027-28,Optimistic,Piecewise Linear,353.2857142857143,286.2910816520367,420.28034691939183,True
02M059,2013,2013-14,Actual,Piecewise Linear,598.0,598.0,598.0,False
02M059,2014,2014-15,Actual,Piecewise Linear,596.0,596.0,596.0,False
02M059,2015,2015-16,Actual,Piecewise Linear,573.0,573.0,573.0,False
02M059,2016,2016-17,Actual,Piecewise Linear,576.0,576.0,576.0,False
02M059,2017,2017-18,Actual,Piecewise Linear,594.0,594.0,594.0,False
02M059,2018,2018-19,Actual,Piecewise Linear,578.0,578.0,578.0,False
02M059,2019,2019-20,Actual,Piecewise Linear,619.0,619.0,619.0,False
02M059,2020,2020-21,Actual,Piecewise Linear,569.0,569.0,569.0,False
02M059,2021,2021-22,Actual,Piecewise Linear,524.0,524.0,524.0,False
02M059,2022,2022-23,Actual,Piecewise Linear,504.0,504.0,504.0,False
02M059,2023,2023-24,Actual,Piecewise Linear,497.0,497.0,497.0,False
02M059,2024,2024-25,Actual,Piecewise Linear,499.0,499.0,499.0,False
02M059,2025,2025-26,Pessimistic,Piecewise Linear,482.3,451.8954310592307,512.7045689407694,True
02M059,2026,2026-27,Pessimistic,Piecewise Linear,465.6,428.3621601229208,502.83783987707926,True
02M059,2027,2027-28,Pessimistic,Piecewise Linear,448.9,405.9014462458563,491.8985537541438,True
02M059,2025,2025-26,Base,Piecewise Linear,499.0,468.5954310592307,529.4045689407693,True
02M059,2026,2026-27,Base,Piecewise Linear,499.0,461.7621601229208,536.2378398770792,True
02M059,2027,2027-28,Base,Piecewise Linear,499.0,456.0014462458562,541.9985537541437,True
02M059,2025,2025-26,Optimistic,Piecewise Linear,529.5238095238095,499.1192405830402,559.9283784645788,True
02M059,2026,2026-27,Optimistic,Piecewise Linear,560.047619047619,522.8097791705399,597.2854589246982,True
02M059,2027,2027-28,Optimistic,Piecewise Linear,590.5714285714286,547.5728748172849,633.5699823255723,True
02M077,2013,2013-14,Actual,Piecewise Linear,348.0,348.0,348.0,False
02M077,2014,2014-15,Actual,Piecewise Linear,350.0,350.0,350.0,False
02M077,2015,2015-16,Actual,Piecewise Linear,345.0,345.0,345.0,False
02M077,2016,2016-17,Actual,Piecewise Linear,359.0,359.0,359.0,False
02M077,2017,2017-18,Actual,Piecewise Linear,358.0,358.0,358.0,False
02M077,2018,2018-19,Actual,Piecewise Linear,360.0,360.0,360.0,False
02M077,2019,2019-20,Actual,Piecewise Linear,362.0,362.0,362.0,False
02M077,2020,2020-21,Actual,Piecewise Linear,351.0,351.0,351.0,False
02M077,2021,2021-22,Actual,Piecewise Linear,346.0,346.0,346.0,False
02M077,2022,2022-23,Actual,Piecewise Linear,373.0,373.0,373.0,False
02M077,2023,2023-24,Actual,Piecewise Linear,368.0,368.0,368.0,False
02M077,2024,2024-25,Actual,Piecewise Linear,363.0,363.0,363.0,False
02M077,2025,2025-26,Pessimistic,Piecewise Linear,367.6,349.2599269297344,385.94007307026567,True
02M077,2026,2026-27,Pessimistic,Piecewise Linear,372.2000000000001,349.7380895662452,394.6619104337549,True
02M077,2027,2027-28,Pessimistic,Piecewise Linear,376.80000000000007,350.86321992911684,402.7367800708833,True
02M077,2025,2025-26,Base,Piecewise Linear,363.0,344.65992692973435,381.3400730702657,True
02M077,2026,2026-27,Base,Piecewise Linear,363.0,340.5380895662452,385.4619104337549,True
02M077,2027,2027-28,Base,Piecewise Linear,363.0,337.0632199291168,388.9367800708832,True
02M077,2025,2025-26,Optimistic,Piecewise Linear,360.1904761904762,341.85040312021056,378.53054926074185,True
02M077,2026,2026-27,Optimistic,Piecewise Linear,357.38095238095235,334.9190419471975,379.8428628147072,True
02M077,2027,2027-28,Optimistic,Piecewise Linear,354.57142857142856,328.6346485005453,380.5082086423118,True
02M089,2013,2013-14,Actual,Piecewise Linear,436.0,436.0,436.0,False
02M089,2014,2014-15,Actual,Piecewise Linear,406.0,406.0,406.0,False
02M089,2015,2015-16,Actual,Piecewise Linear,389.0,389.0,389.0,False
02M089,2016,2016-17,Actual,Piecewise Linear,376.0,376.0,376.0,False
02M089,2017,2017-18,Actual,Piecewise Linear,397.0,397.0,397.0,False
02M089,2018,2018-19,Actual,Piecewise Linear,421.0,421.0,421.0,False
02M089,2019,2019-20,Actual,Piecewise Linear,418.0,418.0,418.0,False
02M089,2020,2020-21,Actual,Piecewise Linear,313.0,313.0,313.0,False
02M089,2021,2021-22,Actual,Piecewise Linear,312.0,312.0,312.0,False
02M089,2022,2022-23,Actual,Piecewise Linear,304.0,304.0,304.0,False
02M089,2023,2023-24,Actual,Piecewise Linear,300.0,300.0,300.0,False
02M089,2024,2024-25,Actual,Piecewise Linear,306.0,306.0,306.0,False
02M089,2025,2025-26,Pessimistic,Piecewise Linear,303.40000000000003,295.8254628588562,310.97453714114386,True
02M089,2026,2026-27,Pessimistic,Piecewise Linear,300.80000000000007,291.5231244832191,310.07687551678106,True
02M089,2027,2027-28,Pessimistic,Piecewise Linear,298.20000000000005,287.48798684629577,308.9120131537043,True
02M089,2025,2025-26,Base,Piecewise Linear,306.0,298.4254628588562,313.5745371411438,True
02M089,2026,2026-27,Base,Piecewise Linear,306.0,296.723124483219,315.276875516781,True
02M089,2027,2027-28,Base,Piecewise Linear,306.0,295.2879868462957,316.7120131537043,True
02M089,2025,2025-26,Optimistic,Piecewise Linear,339.3809523809524,331.8064152398086,346.95548952209623,True
02M089,2026,2026-27,Optimistic,Piecewise Linear,372.7619047619048,363.48502924512377,382.03878027868575,True
02M089,2027,2027-28,Optimistic,Piecewise Linear,406.1428571428572,395.4308439891529,416.85487029656144,True
02M111,2013,2013-14,Actual,Piecewise Linear,305.0,305.0,305.0,False
02M111,2014,2014-15,Actual,Piecewise Linear,302.0,302.0,302.0,False
02M111,2015,2015-16,Actual,Piecewise Linear,304.0,304.0,304.0,False
02M111,2016,2016-17,Actual,Piecewise Linear,291.0,291.0,291.0,False
02M111,2017,2017-18,Actual,Piecewise Linear,349.0,349.0,349.0,False
02M111,2018,2018-19,Actual,Piecewise Linear,365.0,365.0,365.0,False
02M111,2019,2019-20,Actual,Piecewise Linear,388.0,388.0,388.0,False
02M111,2020,2020-21,Actual,Piecewise Linear,367.0,367.0,367.0,False
02M111,2021,2021-22,Actual,Piecewise Linear,296.0,296.0,296.0,False
02M111,2022,2022-23,Actual,Piecewise Linear,347.0,347.0,347.0,False
02M111,2023,2023-24,Actual,Piecewise Linear,343.0,343.0,343.0,False
02M111,2024,2024-25,Actual,Piecewise Linear,350.0,350.0,350.0,False
02M111,2025,2025-26,Pessimistic,Piecewise Linear,351.3,295.88814463549863,406.7118553645014,True
02M111,2026,2026-27,Pessimistic,Piecewise Linear,352.6,284.73461432803447,420.4653856719656,True
02M111,2027,2027-28,Pessimistic,Piecewise Linear,353.90000000000003,275.53580262726587,432.2641973727342,True
02M111,2025,2025-26,Base,Piecewise Linear,350.0,294.5881446354986,405.4118553645014,True
02M111,2026,2026-27,Base,Piecewise Linear,350.0,282.13461432803444,417.8653856719656,True
02M111,2027,2027-28,Base,Piecewise Linear,350.0,271.63580262726583,428.36419737273417,True
02M111,2025,2025-26,Optimistic,Piecewise Linear,343.04761904761904,287.63576368311766,398.4594744121204,True
02M111,2026,2026-27,Optimistic,Piecewise Linear,336.09523809523813,268.2298524232726,403.9606237672037,True
02M111,2027,2027-28,Optimistic,Piecewise Linear,329.1428571428572,250.778659770123,407.50705451559134,True
02M116,2013,2013-14,Actual,Piecewise Linear,724.0,724.0,724.0,False
02M116,2014,2014-15,Actual,Piecewise Linear,642.0,642.0,642.0,False
02M116,2015,2015-16,Actual,Piecewise Linear,591.0,591.0,591.0,False
02M116,2016,2016-17,Actual,Piecewise Linear,539.0,539.0,539.0,False
02M116,2017,2017-18,Actual,Piecewise Linear,492.0,492.0,492.0,False
02M116,2018,2018-19,Actual,Piecewise Linear,450.0,450.0,450.0,False
02M116,2019,2019-20,Actual,Piecewise Linear,446.0,446.0,446.0,False
02M116,2020,2020-21,Actual,Piecewise Linear,367.0,367.0,367.0,False
02M116,2021,2021-22,Actual,Piecewise Linear,333.0,333.0,333.0,False
02M116,2022,2022-23,Actual,Piecewise Linear,306.0,306.0,306.0,False
02M116,2023,2023-24,Actual,Piecewise Linear,318.0,318.0,318.0,False
02M116,2024,2024-25,Actual,Piecewise Linear,351.0,351.0,351.0,False
02M116,2025,2025-26,Pessimistic,Piecewise Linear,346.3,297.2973379643849,395.3026620356151,True
02M116,2026,2026-27,Pessimistic,Piecewise Linear,341.6000000000001,281.5842409873452,401.61575901265496,True
02M116,2027,2027-28,Pessimistic,Piecewise Linear,336.9000000000001,267.5997707568481,406.2002292431521,True
02M116,2025,2025-26,Base,Piecewise Linear,351.0,301.99733796438494,400.0026620356151,True
02M116,2026,2026-27,Base,Piecewise Linear,351.0,290.9842409873451,411.0157590126549,True
02M116,2027,2027-28,Base,Piecewise Linear,351.0,281.699770756848,420.300229243152,True
02M116,2025,2025-26,Optimistic,Piecewise Linear,418.95238095238096,369.9497189167659,467.955042987996,True
02M116,2026,2026-27,Optimistic,Piecewise Linear,486.9047619047619,426.88900289210704,546.9205209174168,True
02M116,2027,2027-28,Optimistic,Piecewise Linear,554.8571428571429,485.5569136139909,624.1573721002949,True
02M124,2013,2013-14,Actual,Piecewise Linear,830.0,830.0,830.0,False
02M124,2014,2014-15,Actual,Piecewise Linear,792.0,792.0,792.0,False
02M124,2015,2015-16,Actual,Piecewise Linear,739.0,739.0,739.0,False
02M124,2016,2016-17,Actual,Piecewise Linear,714.0,714.0,714.0,False
02M124,2017,2017-18,Actual,Piecewise Linear,668.0,668.0,668.0,False
02M124,2018,2018-19,Actual,Piecewise Linear,616.0,616.0,616.0,False
02M124,2019,2019-20,Actual,Piecewise Linear,611.0,611.0,611.0,False
02M124,2020,2020-21,Actual,Piecewise Linear,589.0,589.0,589.0,False
02M124,2021,2021-22,Actual,Piecewise Linear,532.0,532.0,532.0,False
02M124,2022,2022-23,Actual,Piecewise Linear,480.0,480.0,480.0,False
02M124,2023,2023-24,Actual,Piecewise Linear,463.0,463.0,463.0,False
02M124,2024,2024-25,Actual,Piecewise Linear,429.0,429.0,429.0,False
02M124,2025,2025-26,Pessimistic,Piecewise Linear,390.1,364.1906740866234,416.00932591337664,True
02M124,2026,2026-27,Pessimistic,Piecewise Linear,351.20000000000005,319.46768596637884,382.93231403362125,True
02M124,2027,2027-28,Pessimistic,Piecewise Linear,312.30000000000007,275.6586799013582,348.94132009864194,True
02M124,2025,2025-26,Base,Piecewise Linear,429.0,403.0906740866234,454.9093259133766,True
02M124,2026,2026-27,Base,Piecewise Linear,429.0,397.2676859663788,460.7323140336212,True
02M124,2027,2027-28,Base,Piecewise Linear,429.0,392.3586799013581,465.6413200986418,True
02M124,2025,2025-26,Optimistic,Piecewise Linear,522.6666666666666,496.75734075329,548.5759925800432,True
02M124,2026,2026-27,Optimistic,Piecewise Linear,616.3333333333334,584.6010192997122,648.0656473669545,True
02M124,2027,2027-28,Optimistic,Piecewise Linear,710.0,673.3586799013582,746.6413200986418,True
02M130,2013,2013-14,Actual,Piecewise Linear,970.0,970.0,970.0,False
02M130,2014,2014-15,Actual,Piecewise Linear,981.0,981.0,981.0,False
02M130,2015,2015-16,Actual,Piecewise Linear,952.0,952.0,952.0,False
02M130,2016,2016-17,Actual,Piecewise Linear,926.0,926.0,926.0,False
02M130,2017,2017-18,Actual,Piecewise Linear,877.0,877.0,877.0,False
02M130,2018,2018-19,Actual,Piecewise Linear,823.0,823.0,823.0,False
02M130,2019,2019-20,Actual,Piecewise Linear,760.0,760.0,760.0,False
02M130,2020,2020-21,Actual,Piecewise Linear,714.0,714.0,714.0,False
02M130,2021,2021-22,Actual,Piecewise Linear,616.0,616.0,616.0,False
02M130,2022,2022-23,Actual,Piecewise Linear,575.0,575.0,575.0,False
02M130,2023,2023-24,Actual,Piecewise Linear,561.0,561.0,561.0,False
02M130,2024,2024-25,Actual,Piecewise Linear,512.0,512.0,512.0,False
02M130,2025,2025-26,Pessimistic,Piecewise Linear,466.1,419.5730296409154,512.6269703590846,True
02M130,2026,2026-27,Pessimistic,Piecewise Linear,420.2000000000001,363.2163316713228,477.1836683286774,True
02M130,2027,2027-28,Pessimistic,Piecewise Linear,374.3000000000002,308.5009275020518,440.09907249794855,True
02M130,2025,2025-26,Base,Piecewise Linear,512.0,465.4730296409154,558.5269703590845,True
02M130,2026,2026-27,Base,Piecewise Linear,512.0,455.0163316713227,568.9836683286774,True
02M130,2027,2027-28,Base,Piecewise Linear,512.0,446.2009275020516,577.7990724979484,True
02M130,2025,2025-26,Optimistic,Piecewise Linear,640.8095238095239,594.2825534504393,687.3364941686084,True
02M130,2026,2026-27,Optimistic,Piecewise Linear,769.6190476190477,712.6353792903703,826.6027159477251,True
02M130,2027,2027-28,Optimistic,Piecewise Linear,898.4285714285714,832.6294989306231,964.2276439265198,True
02M150,2013,2013-14,Actual,Piecewise Linear,166.0,166.0,166.0,False
02M150,2014,2014-15,Actual,Piecewise Linear,166.0,166.0,166.0,False
02M150,2015,2015-16,Actual,Piecewise Linear,166.0,166.0,166.0,False
02M150,2016,2016-17,Actual,Piecewise Linear,168.0,168.0,168.0,False
02M150,2017,2017-18,Actual,Piecewise Linear,169.0,169.0,169.0,False
02M150,2018,2018-19,Actual,Piecewise Linear,171.0,171.0,171.0,False
02M150,2019,2019-20,Actual,Piecewise Linear,172.0,172.0,172.0,False
02M150,2020,2020-21,Actual,Piecewise Linear,163.0,163.0,163.0,False
02M150,2021,2021-22,Actual,Piecewise Linear,138.0,138.0,138.0,False
02M150,2022,2022-23,Actual,Piecewise Linear,162.0,162.0,162.0,False
02M150,2023,2023-24,Actual,Piecewise Linear,209.0,209.0,209.0,False
02M150,2024,2024-25,Actual,Piecewise Linear,255.0,255.0,255.0,False
02M150,2025,2025-26,Pessimistic,Piecewise Linear,280.5,231.47946601046115,329.5205339895389,True
02M150,2026,2026-27,Pessimistic,Piecewise Linear,306.0,245.96235240343523,366.0376475965648,True
02M150,2027,2027-28,Pessimistic,Piecewise Linear,331.5,262.1744959972229,400.8255040027771,True
02M150,2025,2025-26,Base,Piecewise Linear,255.0,205.97946601046115,304.0205339895389,True
02M150,2026,2026-27,Base,Piecewise Linear,255.0,194.96235240343523,315.0376475965648,True
02M150,2027,2027-28,Base,Piecewise Linear,255.0,185.6744959972229,324.3255040027771,True
02M150,2025,2025-26,Optimistic,Piecewise Linear,226.0952380952381,177.07470410569923,275.1157720847769,True
02M150,2026,2026-27,Optimistic,Piecewise Linear,197.19047619047615,137.1528285939114,257.22812378704094,True
02M150,2027,2027-28,Optimistic,Piecewise Linear,168.28571428571428,98.96021028293715,237.6112182884914,True
02M151,2014,2014-15,Actual,Piecewise Linear,572.0,572.0,572.0,False
02M151,2015,2015-16,Actual,Piecewise Linear,548.0,548.0,548.0,False
02M151,2016,2016-17,Actual,Piecewise Linear,518.0,518.0,518.0,False
02M151,2017,2017-18,Actual,Piecewise Linear,475.0,475.0,475.0,False
02M151,2018,2018-19,Actual,Piecewise Linear,428.0,428.0,428.0,False
02M151,2019,2019-20,Actual,Piecewise Linear,409.0,409.0,409.0,False
02M151,2020,2020-21,Actual,Piecewise Linear,383.0,383.0,383.0,False
02M151,2021,2021-22,Actual,Piecewise Linear,329.0,329.0,329.0,False
02M151,2022,2022-23,Actual,Piecewise Linear,296.0,296.0,296.0,False
02M151,2023,2023-24,Actual,Piecewise Linear,294.0,294.0,294.0,False
02M151,2024,2024-25,Actual,Piecewise Linear,277.0,277.0,277.0,False
02M151,2025,2025-26,Pessimistic,Piecewise Linear,252.3,219.8469575136361,284.7530424863639,True
02M151,2026,2026-27,Pessimistic,Piecewise Linear,227.6,187.8533026537725,267.3466973462276,True
02M151,2027,2027-28,Pessimistic,Piecewise Linear,202.90000000000003,157.00446717551398,248.7955328244861,True
02M151,2025,2025-26,Base,Piecewise Linear,277.0,244.54695751363613,309.45304248636387,True
02M151,2026,2026-27,Base,Piecewise Linear,277.0,237.2533026537725,316.7466973462275,True
02M151,2027,2027-28,Base,Piecewise Linear,277.0,231.10446717551395,322.89553282448605,True
02M151,2025,2025-26,Optimistic,Piecewise Linear,348.55555555555554,316.1025130691917,381.0085980419194,True
02M151,2026,2026-27,Optimistic,Piecewise Linear,420.1111111111111,380.3644137648836,459.8578084573386,True
02M151,2027,2027-28,Optimistic,Piecewise Linear,491.6666666666667,445.77113384218063,537.5621994911528,True
02M158,2013,2013-14,Actual,Piecewise Linear,711.0,711.0,711.0,False
02M158,2014,2014-15,Actual,Piecewise Linear,689.0,689.0,689.0,False
02M158,2015,2015-16,Actual,Piecewise Linear,691.0,691.0,691.0,False
02M158,2016,2016-17,Actual,Piecewise Linear,710.0,710.0,710.0,False
02M158,2017,2017-18,Actual,Piecewise Linear,721.0,721.0,721.0,False
02M158,2018,2018-19,Actual,Piecewise Linear,724.0,724.0,724.0,False
02M158,2019,2019-20,Actual,Piecewise Linear,735.0,735.0,735.0,False
02M158,2020,2020-21,Actual,Piecewise Linear,606.0,606.0,606.0,False
02M158,2021,2021-22,Actual,Piecewise Linear,585.0,585.0,585.0,False
02M158,2022,2022-23,Actual,Piecewise Linear,580.0,580.0,580.0,False
02M158,2023,2023-24,Actual,Piecewise Linear,563.0,563.0,563.0,False
02M158,2024,2024-25,Actual,Piecewise Linear,557.0,557.0,557.0,False
02M158,2025,2025-26,Pessimistic,Piecewise Linear,545.0,536.7077902715296,553.2922097284704,True
02M158,2026,2026-27,Pessimistic,Piecewise Linear,533.0,522.8441586625524,543.1558413374476,True
02M158,2027,2027-28,Pessimistic,Piecewise Linear,521.0000000000001,509.2730445399552,532.726955460045,True
02M158,2025,2025-26,Base,Piecewise Linear,557.0,548.7077902715296,565.2922097284704,True
02M158,2026,2026-27,Base,Piecewise Linear,557.0,546.8441586625524,567.1558413374476,True
02M158,2027,2027-28,Base,Piecewise Linear,557.0,545.2730445399551,568.7269554600449,True
02M158,2025,2025-26,Optimistic,Piecewise Linear,608.5238095238095,600.2315997953391,616.81601925228,True
02M158,2026,2026-27,Optimistic,Piecewise Linear,660.047619047619,649.8917777101715,670.2034603850666,True
02M158,2027,2027-28,Optimistic,Piecewise Linear,711.5714285714286,699.8444731113836,723.2983840314735,True
02M183,2013,2013-14,Actual,Piecewise Linear,606.0,606.0,606.0,False
02M183,2014,2014-15,Actual,Piecewise Linear,595.0,595.0,595.0,False
02M183,2015,2015-16,Actual,Piecewise Linear,555.0,555.0,555.0,False
02M183,2016,2016-17,Actual,Piecewise Linear,546.0,546.0,546.0,False
02M183,2017,2017-18,Actual,Piecewise Linear,548.0,548.0,548.0,False
02M183,2018,2018-19,Actual,Piecewise Linear,514.0,514.0,514.0,False
02M183,2019,2019-20,Actual,Piecewise Linear,564.0,564.0,564.0,False
02M183,2020,2020-21,Actual,Piecewise Linear,506.0,506.0,506.0,False
02M183,2021,2021-22,Actual,Piecewise Linear,478.0,478.0,478.0,False
02M183,2022,2022-23,Actual,Piecewise Linear,462.0,462.0,462.0,False
02M183,2023,2023-24,Actual,Piecewise Linear,498.0,498.0,498.0,False
02M183,2024,2024-25,Actual,Piecewise Linear,504.0,504.0,504.0,False
02M183,2025,2025-26,Pessimistic,Piecewise Linear,505.6,466.2026230068009,544.997376993199,True
02M183,2026,2026-27,Pessimistic,Piecewise Linear,507.2000000000001,458.9482645812985,555.4517354187016,True
02M183,2027,2027-28,Pessimistic,Piecewise Linear,508.80000000000007,453.0836951342922,564.516304865708,True
02M183,2025,2025-26,Base,Piecewise Linear,504.0,464.6026230068009,543.397376993199,True
02M183,2026,2026-27,Base,Piecewise Linear,504.0,455.7482645812985,552.2517354187015,True
02M183,2027,2027-28,Base,Piecewise Linear,504.0,448.28369513429215,559.7163048657079,True
02M183,2025,2025-26,Optimistic,Piecewise Linear,523.047619047619,483.65024205442,562.4449960408181,True
02M183,2026,2026-27,Optimistic,Piecewise Linear,542.0952380952381,493.84350267653656,590.3469735139396,True
02M183,2027,2027-28,Optimistic,Piecewise Linear,561.1428571428571,505.42655227714926,616.859162008565,True
02M198,2013,2013-14,Actual,Piecewise Linear,467.0,467.0,467.0,False
02M198,2014,2014-15,Actual,Piecewise Linear,435.0,435.0,435.0,False
02M198,2015,2015-16,Actual,Piecewise Linear,450.0,450.0,450.0,False
02M198,2016,2016-17,Actual,Piecewise Linear,413.0,413.0,413.0,False
02M198,2017,2017-18,Actual,Piecewise Linear,410.0,410.0,410.0,False
02M198,2018,2018-19,Actual,Piecewise Linear,432.0,432.0,432.0,False
02M198,2019,2019-20,Actual,Piecewise Linear,439.0,439.0,439.0,False
02M198,2020,2020-21,Actual,Piecewise Linear,419.0,419.0,419.0,False
02M198,2021,2021-22,Actual,Piecewise Linear,369.0,369.0,369.0,False
02M198,2022,2022-23,Actual,Piecewise Linear,411.0,411.0,411.0,False
02M198,2023,2023-24,Actual,Piecewise Linear,459.0,459.0,459.0,False
02M198,2024,2024-25,Actual,Piecewise Linear,474.0,474.0,474.0,False
02M198,2025,2025-26,Pessimistic,Piecewise Linear,494.0,437.503098049275,550.4969019507249,True
02M198,2026,2026-27,Pessimistic,Piecewise Linear,514.0,444.80570908633615,583.1942909136638,True
02M198,2027,2027-28,Pessimistic,Piecewise Linear,534.0000000000001,454.101315029222,613.8986849707783,True
02M198,2025,2025-26,Base,Piecewise Linear,474.0,417.503098049275,530.4969019507249,True
02M198,2026,2026-27,Base,Piecewise Linear,474.0,404.80570908633615,543.1942909136638,True
02M198,2027,2027-28,Base,Piecewise Linear,474.0,394.1013150292218,553.8986849707782,True
02M198,2025,2025-26,Optimistic,Piecewise Linear,461.04761904761904,404.55071709689406,517.544520998344,True
02M198,2026,2026-27,Optimistic,Piecewise Linear,448.0952380952381,378.9009471815743,517.2895290089019,True
02M198,2027,2027-28,Optimistic,Piecewise Linear,435.1428571428572,355.24417217207895,515.0415421136354,True
02M212,2013,2013-14,Actual,Piecewise Linear,343.0,343.0,343.0,False
02M212,2014,2014-15,Actual,Piecewise Linear,343.0,343.0,343.0,False
02M212,2015,2015-16,Actual,Piecewise Linear,342.0,342.0,342.0,False
02M212,2016,2016-17,Actual,Piecewise Linear,339.0,339.0,339.0,False
02M212,2017,2017-18,Actual,Piecewise Linear,330.0,330.0,330.0,False
02M212,2018,2018-19,Actual,Piecewise Linear,327.0,327.0,327.0,False
02M212,2019,2019-20,Actual,Piecewise Linear,334.0,334.0,334.0,False
02M212,2020,2020-21,Actual,Piecewise Linear,293.0,293.0,293.0,False
02M212,2021,2021-22,Actual,Piecewise Linear,257.0,257.0,257.0,False
02M212,2022,2022-23,Actual,Piecewise Linear,239.0,239.0,239.0,False
02M212,2023,2023-24,Actual,Piecewise Linear,274.0,274.0,274.0,False
02M212,2024,2024-25,Actual,Piecewise Linear,275.0,275.0,275.0,False
02M212,2025,2025-26,Pessimistic,Piecewise Linear,273.1,230.7880914618476,315.4119085381525,True
02M212,2026,2026-27,Pessimistic,Piecewise Linear,271.20000000000005,219.37870701910785,323.02129298089227,True
02M212,2027,2027-28,Pessimistic,Piecewise Linear,269.3,209.46192509545483,329.1380749045452,True
02M212,2025,2025-26,Base,Piecewise Linear,275.0,232.68809146184756,317.31190853815247,True
02M212,2026,2026-27,Base,Piecewise Linear,275.0,223.17870701910775,326.8212929808922,True
02M212,2027,2027-28,Base,Piecewise Linear,275.0,215.1619250954548,334.8380749045452,True
02M212,2025,2025-26,Optimistic,Piecewise Linear,295.6190476190476,253.30713908089515,337.93095615720006,True
02M212,2026,2026-27,Optimistic,Piecewise Linear,316.23809523809524,264.416802257203,368.05938821898746,True
02M212,2027,2027-28,Optimistic,Piecewise Linear,336.85714285714283,277.01906795259765,396.695217761688,True
02M217,2013,2013-14,Actual,Piecewise Linear,398.0,398.0,398.0,False
02M217,2014,2014-15,Actual,Piecewise Linear,442.0,442.0,442.0,False
02M217,2015,2015-16,Actual,Piecewise Linear,488.0,488.0,488.0,False
02M217,2016,2016-17,Actual,Piecewise Linear,522.0,522.0,522.0,False
02M217,2017,2017-18,Actual,Piecewise Linear,505.0,505.0,505.0,False
02M217,2018,2018-19,Actual,Piecewise Linear,498.0,498.0,498.0,False
02M217,2019,2019-20,Actual,Piecewise Linear,509.0,509.0,509.0,False
02M217,2020,2020-21,Actual,Piecewise Linear,500.0,500.0,500.0,False
02M217,2021,2021-22,Actual,Piecewise Linear,543.0,543.0,543.0,False
02M217,2022,2022-23,Actual,Piecewise Linear,573.0,573.0,573.0,False
02M217,2023,2023-24,Actual,Piecewise Linear,534.0,534.0,534.0,False
02M217,2024,2024-25,Actual,Piecewise Linear,542.0,542.0,542.0,False
02M217,2025,2025-26,Pessimistic,Piecewise Linear,549.5,500.838152195349,598.161847804651,True
02M217,2026,2026-27,Pessimistic,Piecewise Linear,557.0,497.4016514688157,616.5983485311842,True
02M217,2027,2027-28,Pessimistic,Piecewise Linear,564.5000000000001,495.68175486452736,633.3182451354729,True
02M217,2025,2025-26,Base,Piecewise Linear,542.0,493.338152195349,590.661847804651,True
02M217,2026,2026-27,Base,Piecewise Linear,542.0,482.4016514688157,601.5983485311842,True
02M217,2027,2027-28,Base,Piecewise Linear,542.0,473.1817548645273,610.8182451354728,True
02M217,2025,2025-26,Optimistic,Piecewise Linear,521.4285714285714,472.7667236239205,570.0904192332224,True
02M217,2026,2026-27,Optimistic,Piecewise Linear,500.8571428571428,441.25879432595855,560.4554913883271,True
02M217,2027,2027-28,Optimistic,Piecewise Linear,480.2857142857143,411.4674691502415,549.103959421187,True
02M225,2013,2013-14,Actual,Piecewise Linear,192.0,192.0,192.0,False
02M225,2014,2014-15,Actual,Piecewise Linear,200.0,200.0,200.0,False
02M225,2015,2015-16,Actual,Piecewise Linear,207.0,207.0,207.0,False
02M225,2016,2016-17,Actual,Piecewise Linear,203.0,203.0,203.0,False
02M225,2017,2017-18,Actual,Piecewise Linear,221.0,221.0,221.0,False
02M225,2018,2018-19,Actual,Piecewise Linear,220.0,220.0,220.0,False
02M225,2019,2019-20,Actual,Piecewise Linear,230.0,230.0,230.0,False
02M225,2020,2020-21,Actual,Piecewise Linear,231.0,231.0,231.0,False
02M225,2021,2021-22,Actual,Piecewise Linear,213.0,213.0,213.0,False
02M225,2025,2025-26,Pessimistic,Piecewise Linear,140.9999999999999,140.9999999999999,140.9999999999999,True
02M225,2026,2026-27,Pessimistic,Piecewise Linear,122.99999999999984,122.99999999999984,122.99999999999984,True
02M225,2027,2027-28,Pessimistic,Piecewise Linear,104.9999999999998,104.9999999999998,104.9999999999998,True
02M225,2025,2025-26,Base,Piecewise Linear,213.0,213.0,213.0,True
02M225,2026,2026-27,Base,Piecewise Linear,213.0,213.0,213.0,True
02M225,2027,2027-28,Base,Piecewise Linear,213.0,213.0,213.0,True
02M225,2025,2025-26,Optimistic,Piecewise Linear,209.57142857142856,209.57142857142856,209.57142857142856,True
02M225,2026,2026-27,Optimistic,Piecewise Linear,208.7142857142857,208.7142857142857,208.7142857142857,True
02M225,2027,2027-28,Optimistic,Piecewise Linear,207.85714285714283,207.85714285714283,207.85714285714283,True
02M234,2013,2013-14,Actual,Piecewise Linear,785.0,785.0,785.0,False
02M234,2014,2014-15,Actual,Piecewise Linear,729.0,729.0,729.0,False
02M234,2015,2015-16,Actual,Piecewise Linear,704.0,704.0,704.0,False
02M234,2016,2016-17,Actual,Piecewise Linear,683.0,683.0,683.0,False
02M234,2017,2017-18,Actual,Piecewise Linear,642.0,642.0,642.0,False
02M234,2018,2018-19,Actual,Piecewise Linear,638.0,638.0,638.0,False
02M234,2019,2019-20,Actual,Piecewise Linear,638.0,638.0,638.0,False
02M234,2020,2020-21,Actual,Piecewise Linear,466.0,466.0,466.0,False
02M234,2021,2021-22,Actual,Piecewise Linear,454.0,454.0,454.0,False
02M234,2022,2022-23,Actual,Piecewise Linear,474.0,474.0,474.0,False
02M234,2023,2023-24,Actual,Piecewise Linear,489.0,489.0,489.0,False
02M234,2024,2024-25,Actual,Piecewise Linear,462.0,462.0,462.0,False
02M234,2025,2025-26,Pessimistic,Piecewise Linear,464.7000000000001,438.3299160529506,491.0700839470495,True
02M234,2026,2026-27,Pessimistic,Piecewise Linear,467.4,435.1033749276856,499.6966250723145,True
02M234,2027,2027-28,Pessimistic,Piecewise Linear,470.1000000000001,432.80706964116575,507.3929303588344,True
02M234,2025,2025-26,Base,Piecewise Linear,462.0,435.6299160529506,488.3700839470494,True
02M234,2026,2026-27,Base,Piecewise Linear,462.0,429.7033749276856,494.2966250723144,True
02M234,2027,2027-28,Base,Piecewise Linear,462.0,424.7070696411657,499.2929303588343,True
02M234,2025,2025-26,Optimistic,Piecewise Linear,537.4761904761905,511.1061065291411,563.84627442324,True
02M234,2026,2026-27,Optimistic,Piecewise Linear,612.952380952381,580.6557558800665,645.2490060246954,True
02M234,2027,2027-28,Optimistic,Piecewise Linear,688.4285714285714,651.1356410697372,725.7215017874057,True
02M267,2015,2015-16,Actual,Piecewise Linear,347.0,347.0,347.0,False
02M267,2016,2016-17,Actual,Piecewise Linear,381.0,381.0,381.0,False
02M267,2017,2017-18,Actual,Piecewise Linear,398.0,398.0,398.0,False
02M267,2018,2018-19,Actual,Piecewise Linear,414.0,414.0,414.0,False
02M267,2019,2019-20,Actual,Piecewise Linear,438.0,438.0,438.0,False
02M267,2020,2020-21,Actual,Piecewise Linear,397.0,397.0,397.0,False
02M267,2021,2021-22,Actual,Piecewise Linear,387.0,387.0,387.0,False
02M267,2022,2022-23,Actual,Piecewise Linear,362.0,362.0,362.0,False
02M267,2023,2023-24,Actual,Piecewise Linear,362.0,362.0,362.0,False
02M267,2024,2024-25,Actual,Piecewise Linear,353.0,353.0,353.0,False
02M267,2025,2025-26,Pessimistic,Piecewise Linear,341.70000000000005,329.5917676988324,353.8082323011677,True
02M267,2026,2026-27,Pessimistic,Piecewise Linear,330.40000000000003,315.5705045875269,345.2294954124731,True
02M267,2027,2027-28,Pessimistic,Piecewise Linear,319.1000000000001,301.9763736633248,336.2236263366753,True
02M267,2025,2025-26,Base,Piecewise Linear,353.0,340.8917676988323,365.1082323011677,True
02M267,2026,2026-27,Base,Piecewise Linear,353.0,338.1705045875269,367.8294954124731,True
02M267,2027,2027-28,Base,Piecewise Linear,353.0,335.8763736633247,370.1236263366753,True
02M267,2025,2025-26,Optimistic,Piecewise Linear,367.2,355.0917676988323,379.30823230116766,True
02M267,2026,2026-27,Optimistic,Piecewise Linear,381.4,366.57050458752695,396.2294954124731,True
02M267,2027,2027-28,Optimistic,Piecewise Linear,395.6,378.4763736633248,412.7236263366753,True
02M290,2013,2013-14,Actual,Piecewise Linear,675.0,675.0,675.0,False
02M290,2014,2014-15,Actual,Piecewise Linear,646.0,646.0,646.0,False
02M290,2015,2015-16,Actual,Piecewise Linear,627.0,627.0,627.0,False
02M290,2016,2016-17,Actual,Piecewise Linear,592.0,592.0,592.0,False
02M290,2017,2017-18,Actual,Piecewise Linear,591.0,591.0,591.0,False
02M290,2018,2018-19,Actual,Piecewise Linear,558.0,558.0,558.0,False
02M290,2019,2019-20,Actual,Piecewise Linear,519.0,519.0,519.0,False
02M290,2020,2020-21,Actual,Piecewise Linear,409.0,409.0,409.0,False
02M290,2021,2021-22,Actual,Piecewise Linear,353.0,353.0,353.0,False
02M290,2022,2022-23,Actual,Piecewise Linear,369.0,369.0,369.0,False
02M290,2023,2023-24,Actual,Piecewise Linear,353.0,353.0,353.0,False
02M290,2024,2024-25,Actual,Piecewise Linear,354.0,354.0,354.0,False
02M290,2025,2025-26,Pessimistic,Piecewise Linear,343.0,308.0251452554327,377.9748547445673,True
02M290,2026,2026-27,Pessimistic,Piecewise Linear,332.00000000000006,289.1647260239255,374.8352739760746,True
02M290,2027,2027-28,Pessimistic,Piecewise Linear,321.00000000000006,271.538086078204,370.4619139217961,True
02M290,2025,2025-26,Base,Piecewise Linear,354.0,319.0251452554327,388.9748547445673,True
02M290,2026,2026-27,Base,Piecewise Linear,354.0,311.1647260239254,396.8352739760746,True
02M290,2027,2027-28,Base,Piecewise Linear,354.0,304.53808607820395,403.46191392179605,True
02M290,2025,2025-26,Optimistic,Piecewise Linear,436.3809523809524,401.406097636385,471.3558071255197,True
02M290,2026,2026-27,Optimistic,Piecewise Linear,518.7619047619047,475.9266307858301,561.5971787379793,True
02M290,2027,2027-28,Optimistic,Piecewise Linear,601.1428571428571,551.680943221061,650.6047710646532,True
02M343,2017,2017-18,Actual,Piecewise Linear,406.0,406.0,406.0,False
02M343,2018,2018-19,Actual,Piecewise Linear,432.0,432.0,432.0,False
02M343,2019,2019-20,Actual,Piecewise Linear,423.0,423.0,423.0,False
02M343,2020,2020-21,Actual,Piecewise Linear,369.0,369.0,369.0,False
02M343,2021,2021-22,Actual,Piecewise Linear,329.0,329.0,329.0,False
02M343,2022,2022-23,Actual,Piecewise Linear,297.0,297.0,297.0,False
02M343,2023,2023-24,Actual,Piecewise Linear,322.0,322.0,322.0,False
02M343,2024,2024-25,Actual,Piecewise Linear,266.0,266.0,266.0,False
02M343,2025,2025-26,Pessimistic,Piecewise Linear,244.70000000000005,206.44903111497527,282.95096888502485,True
02M343,2026,2026-27,Pessimistic,Piecewise Linear,223.4000000000001,176.55232203230673,270.2476779676934,True
02M343,2027,2027-28,Pessimistic,Piecewise Linear,202.10000000000008,148.00496102888678,256.1950389711134,True
02M343,2025,2025-26,Base,Piecewise Linear,266.0,227.7490311149752,304.2509688850248,True
02M343,2026,2026-27,Base,Piecewise Linear,266.0,219.15232203230667,312.84767796769336,True
02M343,2027,2027-28,Base,Piecewise Linear,266.0,211.9049610288867,320.0950389711133,True
02M343,2025,2025-26,Optimistic,Piecewise Linear,317.44444444444446,279.19347555941965,355.69541332946926,True
02M343,2026,2026-27,Optimistic,Piecewise Linear,368.88888888888886,322.0412109211955,415.7365668565822,True
02M343,2027,2027-28,Optimistic,Piecewise Linear,420.3333333333333,366.23829436222,474.4283723044466,True
02M527,2017,2017-18,Actual,Piecewise Linear,387.0,387.0,387.0,False
02M527,2018,2018-19,Actual,Piecewise Linear,431.0,431.0,431.0,False
02M527,2019,2019-20,Actual,Piecewise Linear,480.0,480.0,480.0,False
02M527,2020,2020-21,Actual,Piecewise Linear,458.0,458.0,458.0,False
02M527,2021,2021-22,Actual,Piecewise Linear,436.0,436.0,436.0,False
02M527,2022,2022-23,Actual,Piecewise Linear,407.0,407.0,407.0,False
02M527,2023,2023-24,Actual,Piecewise Linear,387.0,387.0,387.0,False
02M527,2024,2024-25,Actual,Piecewise Linear,379.0,379.0,379.0,False
02M527,2025,2025-26,Pessimistic,Piecewise Linear,358.3,346.08373672012266,370.51626327987736,True
02M527,2026,2026-27,Pessimistic,Piecewise Linear,337.6,322.6381942004009,352.56180579959914,True
02M527,2027,2027-28,Pessimistic,Piecewise Linear,316.90000000000003,299.62359478807707,334.176405211923,True
02M527,2025,2025-26,Base,Piecewise Linear,379.0,366.78373672012265,391.21626327987735,True
02M527,2026,2026-27,Base,Piecewise Linear,379.0,364.0381942004009,393.9618057995991,True
02M527,2027,2027-28,Base,Piecewise Linear,379.0,361.723594788077,396.27640521192296,True
02M527,2025,2025-26,Optimistic,Piecewise Linear,396.8888888888889,384.6726256090116,409.1051521687663,True
02M527,2026,2026-27,Optimistic,Piecewise Linear,414.77777777777777,399.81597197817865,429.7395835773769,True
02M527,2027,2027-28,Optimistic,Piecewise Linear,432.6666666666667,415.3902614547437,449.9430718785897,True
02M001,2025,2025-26,Base,Prophet,143.28022209002486,132.53411279250795,154.64668698465118,True
02M001,2026,2026-27,Base,Prophet,132.3960933974788,120.29290373990358,146.39434260260367,True
02M001,2027,2027-28,Base,Prophet,121.51196470493277,106.63809399895143,136.06296279824429,True
02M002,2025,2025-26,Base,Prophet,257.7499103199203,228.791776134208,287.6117237797829,True
02M002,2026,2026-27,Base,Prophet,236.670132526976,201.98795798546712,269.9844325108818,True
02M002,2027,2027-28,Base,Prophet,215.5903547340317,177.5583606545051,255.2782194132257,True
02M003,2025,2025-26,Base,Prophet,425.2781535571072,390.28166051268056,461.509658616414,True
02M003,2026,2026-27,Base,Prophet,394.3441436384659,357.7271397384946,429.7941023232588,True
02M003,2027,2027-28,Base,Prophet,363.4101337198247,325.24926232250766,396.0899033921547,True
02M006,2025,2025-26,Base,Prophet,507.5869765852289,484.9933927158633,529.9415938211234,True
02M006,2026,2026-27,Base,Prophet,505.7411047315454,478.5968853019477,529.1537136386614,True
02M006,2027,2027-28,Base,Prophet,503.8952328778621,473.4386208800832,531.6192550654199,True
02M011,2025,2025-26,Base,Prophet,590.9794062190518,526.5003348067042,651.6687717858789,True
02M011,2026,2026-27,Base,Prophet,544.7423765654803,484.5602181472525,616.2600394443426,True
02M011,2027,2027-28,Base,Prophet,498.5053469119089,423.4777634350148,576.877042375814,True
02M033,2025,2025-26,Base,Prophet,551.2265751421802,503.9111535133073,599.5408260273102,True
02M033,2026,2026-27,Base,Prophet,550.5763242719711,500.1529295903498,601.6278071801876,True
02M033,2027,2027-28,Base,Prophet,549.9260734017621,500.4659324786665,596.8854440772919,True
02M040,2025,2025-26,Base,Prophet,463.6889673281066,435.6410610723793,496.5405211508818,True
02M040,2026,2026-27,Base,Prophet,427.79778221410953,397.3915343133533,462.78452143710047,True
02M040,2027,2027-28,Base,Prophet,391.90659710011255,356.44120970148833,433.7862815883851,True
02M041,2025,2025-26,Base,Prophet,339.6698159969652,297.70328233406366,382.6260889091403,True
02M041,2026,2026-27,Base,Prophet,303.6336556319835,262.3288960152228,345.90926004735513,True
02M041,2027,2027-28,Base,Prophet,267.5974952670019,224.8443628434591,311.6218995795561,True
02M042,2025,2025-26,Base,Prophet,393.63573368132415,373.60159673228895,412.6157805692247,True
02M042,2026,2026-27,Base,Prophet,376.224916856237,355.2214536860849,397.18114746985145,True
02M042,2027,2027-28,Base,Prophet,358.8141000311499,335.1008380387351,379.5983335549025,True
02M051,2025,2025-26,Base,Prophet,372.84670816669,344.7869435760233,400.1101143704797,True
02M051,2026,2026-27,Base,Prophet,365.6866389270682,334.7761320409973,396.63191723403673,True
02M051,2027,2027-28,Base,Prophet,358.5265696874465,327.13509593113776,389.6779667396772,True
02M059,2025,2025-26,Base,Prophet,457.9681141163789,435.7793009734149,481.2221121216788,True
02M059,2026,2026-27,Base,Prophet,435.4350053385416,410.9687482947203,461.00595537722114,True
02M059,2027,2027-28,Base,Prophet,412.9018965607044,384.78916636472894,439.5101651693892,True
02M077,2025,2025-26,Base,Prophet,368.9070590685488,360.1093296464916,377.5826341687167,True
02M077,2026,2026-27,Base,Prophet,371.0908360840776,362.36563261411743,379.94003630957616,True
02M077,2027,2027-28,Base,Prophet,373.27461309960654,364.053778376204,382.2855698966584,True
02M089,2025,2025-26,Base,Prophet,282.1906972173479,246.29899409091087,318.8538325574549,True
02M089,2026,2026-27,Base,Prophet,269.16819473470974,232.60730714375583,304.45053990868195,True
02M089,2027,2027-28,Base,Prophet,256.1456922520716,221.5100057807441,289.1032790074391,True
02M111,2025,2025-26,Base,Prophet,338.55253296577405,309.1961774459203,367.95432566138953,True
02M111,2026,2026-27,Base,Prophet,335.1797814680637,302.9949857853815,366.93537556342073,True
02M111,2027,2027-28,Base,Prophet,331.8070299703534,296.7919446097328,366.091682697363,True
02M116,2025,2025-26,Base,Prophet,310.41129732741666,281.39624981062536,338.65853493642186,True
02M116,2026,2026-27,Base,Prophet,301.1296271837631,269.507127250323,329.6379915450551,True
02M116,2027,2027-28,Base,Prophet,291.8479570401095,252.09096027276388,323.0284794377139,True
02M124,2025,2025-26,Base,Prophet,387.1484623154545,372.6976921261982,402.1443929957796,True
02M124,2026,2026-27,Base,Prophet,351.08561371734345,336.57858197827017,365.30984036797577,True
02M124,2027,2027-28,Base,Prophet,315.0227651192324,300.8774105591273,330.5781824003646,True
02M130,2025,2025-26,Base,Prophet,442.750728328141,410.30298101872734,477.5822121717957,True
02M130,2026,2026-27,Base,Prophet,388.4874257006521,353.57004602181013,423.74829912946655,True
02M130,2027,2027-28,Base,Prophet,334.2241230731634,295.9759852576166,373.0388752872231,True
02M150,2025,2025-26,Base,Prophet,243.38096001464783,219.2654559993337,263.4708897613449,True
02M150,2026,2026-27,Base,Prophet,260.82191124654804,237.7752909862688,285.4319164401768,True
02M150,2027,2027-28,Base,Prophet,278.26286247844826,252.3497453620012,306.5276691801526,True
02M151,2025,2025-26,Base,Prophet,239.2122850382919,225.47851758046025,252.3961363017628,True
02M151,2026,2026-27,Base,Prophet,213.4904118639147,198.96930192786067,228.79618649484283,True
02M151,2027,2027-28,Base,Prophet,187.76853868953745,172.0125411004721,204.9444314322032,True
02M158,2025,2025-26,Base,Prophet,511.68510782560986,464.88610337693945,558.659922214649,True
02M158,2026,2026-27,Base,Prophet,482.63361542012206,436.1609164046985,532.4378892667239,True
02M158,2027,2027-28,Base,Prophet,453.5821230146343,402.3431540501596,501.7865294462806,True
02M183,2025,2025-26,Base,Prophet,480.2321491547038,453.1750223909408,505.8859956415928,True
02M183,2026,2026-27,Base,Prophet,475.5030007086361,451.1489240467763,500.9704003106202,True
02M183,2027,2027-28,Base,Prophet,470.7738522625684,441.91149061300746,498.6326421156912,True
02M198,2025,2025-26,Base,Prophet,471.28576212203086,443.7991612003768,499.1397593870282,True
02M198,2026,2026-27,Base,Prophet,484.7687853648383,455.5015462914829,512.2751677623156,True
02M198,2027,2027-28,Base,Prophet,498.25180860764567,466.27148825643866,529.2634515916441,True
02M212,2025,2025-26,Base,Prophet,248.8290657505981,224.67073323196485,273.599070968604,True
02M212,2026,2026-27,Base,Prophet,239.7329326469232,216.7444925309072,262.5723396326883,True
02M212,2027,2027-28,Base,Prophet,230.6367995432484,206.1671290555176,252.2228063193559,True
02M217,2025,2025-26,Base,Prophet,560.0625648693928,530.7062747774225,590.4494830943509,True
02M217,2026,2026-27,Base,Prophet,566.0548600901618,535.4716474562882,595.7940984090715,True
02M217,2027,2027-28,Base,Prophet,572.0471553109309,539.5581094927743,604.0823670738855,True
02M225,2025,2025-26,Base,Prophet,138.41532566494865,133.39553411085345,143.5775656023821,True
02M225,2026,2026-27,Base,Prophet,119.58620605221766,112.7886120360936,126.94785165611928,True
02M225,2027,2027-28,Base,Prophet,100.7570864394866,84.3124321414126,116.91870441042732,True
02M234,2025,2025-26,Base,Prophet,428.7083833154058,382.9827974445205,477.2363450069295,True
02M234,2026,2026-27,Base,Prophet,408.9514641142485,359.4821657653817,458.5620896357169,True
02M234,2027,2027-28,Base,Prophet,389.1945449130912,339.65311731514566,437.67131024924186,True
02M267,2025,2025-26,Base,Prophet,326.6062719600001,304.8056182587935,348.2290287338008,True
02M267,2026,2026-27,Base,Prophet,308.904691007354,283.65737775933286,336.4387362556454,True
02M267,2027,2027-28,Base,Prophet,291.203110054708,263.9155536590156,319.4638520861103,True
02M290,2025,2025-26,Base,Prophet,290.86167841597813,252.74473179296365,332.46707212382563,True
02M290,2026,2026-27,Base,Prophet,259.59236083549644,218.44589885430003,295.29155492116377,True
02M290,2027,2027-28,Base,Prophet,228.32304325501497,186.75822644600348,269.4713578769844,True
02M343,2025,2025-26,Base,Prophet,248.15803496894185,220.8685675431705,275.3296488264804,True
02M343,2026,2026-27,Base,Prophet,223.8579632006821,196.0241401346506,251.9068288584056,True
02M343,2027,2027-28,Base,Prophet,199.5578914324224,171.8277806670403,228.4088239097418,True
02M527,2025,2025-26,Base,Prophet,344.4328591480641,323.6094837090159,365.9862234287705,True
02M527,2026,2026-27,Base,Prophet,319.975648992413,292.82759836055965,345.9362094828573,True
02M527,2027,2027-28,Base,Prophet,295.5184388367618,258.1416381458761,329.7095109192098,True
